aX,aY,aZ,gX,gY,gZ
-0.469,0.440,1.736,-91.248,11.780,129.272
-0.469,0.503,1.703,-94.116,23.621,121.887
-0.472,0.520,1.679,-101.196,35.461,113.831
-0.467,0.568,1.698,-110.474,46.509,107.849
-0.467,0.592,1.657,-116.394,59.692,101.440
-0.461,0.680,1.600,-119.995,72.571,94.299
-0.459,0.666,1.440,-105.530,83.435,85.388
-0.464,0.674,1.528,-80.872,83.984,75.500
-0.471,0.745,1.486,-70.496,91.797,69.641
-0.482,0.771,1.533,-67.322,99.365,61.279
-0.477,0.844,1.560,-63.965,109.070,52.734
-0.493,0.804,1.387,-69.519,124.817,42.664
-0.495,0.882,1.372,-67.200,135.620,34.241
-0.496,0.870,1.191,-65.796,144.531,23.560
-0.475,0.899,1.199,-62.927,149.597,14.038
-0.460,0.951,1.254,-64.270,152.588,5.554
-0.442,0.969,1.258,-80.261,162.842,-3.845
-0.409,0.949,1.259,-95.215,174.316,-15.259
-0.395,0.921,1.193,-101.440,186.279,-24.963
-0.403,1.021,1.091,-111.023,200.623,-31.738
-0.432,1.254,0.848,-106.628,213.196,-41.321
-0.450,1.341,0.383,-81.543,219.727,-61.768
-0.432,1.268,0.232,-49.988,203.308,-86.548
-0.396,1.223,0.309,-30.762,175.781,-104.248
-0.358,1.101,0.412,-22.888,156.982,-119.080
-0.318,0.913,0.540,-24.658,147.095,-131.653
-0.288,0.759,0.591,-22.400,144.226,-139.221
-0.275,0.735,0.577,-16.907,145.752,-141.785
-0.278,0.728,0.511,-8.545,149.109,-143.982
-0.300,0.757,0.421,-1.221,151.306,-147.217
-0.339,0.850,0.225,4.639,151.550,-151.733
-0.338,0.829,-0.010,-4.822,147.461,-160.889
-0.304,0.648,-0.110,-28.320,135.010,-171.631
-0.249,0.467,-0.128,-36.987,117.859,-178.772
-0.198,0.392,-0.073,-39.795,99.854,-180.115
-0.161,0.299,-0.056,-36.194,86.243,-180.908
-0.121,0.229,-0.103,-30.884,75.745,-180.908
-0.083,0.168,-0.046,-22.339,63.049,-179.321
-0.063,0.219,-0.042,-12.695,52.612,-176.147
-0.078,0.264,-0.061,-11.841,44.312,-175.293
-0.090,0.221,-0.142,-20.569,35.828,-178.711
-0.075,0.063,-0.243,-32.410,26.245,-183.289
-0.073,-0.080,-0.300,-36.621,12.634,-184.631
-0.055,-0.223,-0.360,-36.072,-1.038,-182.739
-0.026,-0.380,-0.406,-33.325,-15.564,-179.749
0.001,-0.543,-0.282,-32.227,-33.386,-174.194
0.022,-0.586,-0.276,-26.123,-46.021,-165.527
0.033,-0.774,-0.284,-30.396,-54.749,-159.729
0.028,-0.943,-0.339,-39.612,-63.171,-152.100
0.009,-1.105,-0.366,-49.255,-74.951,-140.259
0.005,-1.208,-0.227,-59.631,-91.614,-126.221
0.018,-1.266,-0.112,-63.293,-105.408,-110.352
0.038,-1.312,-0.103,-69.885,-114.075,-95.398
0.066,-1.339,-0.087,-78.491,-125.122,-79.834
0.089,-1.285,0.030,-85.449,-137.878,-63.477
0.088,-1.188,-0.015,-77.209,-147.766,-48.157
0.096,-1.117,0.032,-69.336,-158.752,-35.217
0.091,-1.043,0.202,-68.420,-171.814,-23.132
0.074,-0.955,0.216,-67.322,-177.246,-11.047
0.057,-0.913,0.255,-72.571,-183.533,-0.549
0.029,-0.859,0.404,-78.796,-193.359,10.498
0.001,-0.818,0.474,-79.041,-199.890,22.705
-0.034,-0.745,0.527,-73.059,-204.285,33.997
-0.071,-0.723,0.480,-60.364,-207.886,44.312
-0.111,-0.679,0.505,-47.302,-214.661,54.749
-0.163,-0.532,0.657,-29.541,-227.661,66.589
-0.201,-0.435,0.759,-13.794,-237.366,74.707
-0.217,-0.471,1.066,-7.080,-246.460,77.637
-0.206,-0.458,1.411,-6.836,-248.230,83.740
-0.209,-0.388,1.750,-8.179,-237.915,91.248
-0.212,-0.257,1.848,-3.906,-216.553,97.839
-0.234,-0.217,1.792,-1.404,-191.040,100.098
-0.275,-0.122,1.756,-0.916,-173.462,102.112
-0.368,0.025,1.732,-0.122,-161.499,103.943
-0.368,-0.019,1.796,-25.940,-151.428,102.051
-0.358,0.008,2.198,-37.109,-155.029,100.952
-0.329,-0.087,2.293,-25.574,-143.494,99.670
-0.321,-0.274,2.184,-7.751,-122.498,97.168
-0.342,-0.307,2.133,7.568,-108.276,103.333
-0.370,-0.171,2.171,16.846,-96.619,113.708
-0.419,-0.090,2.287,21.606,-85.205,120.117
-0.436,0.054,2.368,18.616,-68.665,123.840
-0.438,0.166,2.411,15.320,-49.866,124.634
-0.430,0.245,2.312,13.733,-29.358,121.094
-0.418,0.300,2.168,11.169,-12.878,115.662
-0.406,0.279,2.056,10.803,-2.319,109.741
-0.380,0.251,1.955,14.465,5.554,105.652
-0.367,0.267,1.880,23.926,12.207,104.797
-0.364,0.348,1.848,33.875,16.663,105.286
-0.367,0.409,1.837,38.452,22.400,103.638
-0.365,0.437,1.791,36.255,29.419,100.098
-0.365,0.399,1.742,34.302,36.987,94.788
-0.364,0.362,1.663,36.072,44.495,90.698
-0.367,0.370,1.575,34.973,50.903,87.708
-0.365,0.421,1.475,36.072,56.274,85.083
-0.360,0.480,1.396,37.109,59.570,80.688
-0.357,0.451,1.252,34.668,63.477,74.890
-0.340,0.450,1.179,30.273,63.660,70.618
-0.319,0.439,1.131,25.146,62.500,66.772
-0.306,0.458,1.051,21.484,62.561,62.256
-0.302,0.463,1.000,25.879,60.730,56.152
-0.288,0.460,0.983,32.715,56.580,49.438
-0.271,0.497,0.976,35.645,54.504,43.579
-0.266,0.480,0.919,35.522,53.955,36.804
-0.250,0.438,0.849,28.992,53.772,29.724
-0.227,0.380,0.840,18.188,52.307,23.926
-0.208,0.360,0.789,13.916,51.880,19.104
-0.197,0.352,0.704,14.099,50.964,15.747
-0.165,0.325,0.708,16.296,46.936,12.085
-0.146,0.295,0.694,16.479,42.969,9.033
-0.130,0.305,0.684,15.686,39.612,6.958
-0.115,0.285,0.670,13.916,36.072,3.601
-0.089,0.270,0.662,10.315,32.837,0.366
-0.073,0.259,0.708,8.484,28.259,-2.502
-0.059,0.238,0.714,6.653,26.245,-5.310
-0.054,0.206,0.719,4.517,23.743,-8.972
-0.052,0.172,0.694,4.944,21.423,-11.902
-0.049,0.108,0.649,6.287,18.127,-15.320
-0.047,0.008,0.673,10.193,12.756,-17.700

-0.267,-0.125,1.932,-54.749,53.223,90.454
-0.294,-0.095,1.708,-46.875,63.904,91.797
-0.301,-0.071,1.588,-43.457,67.444,91.492
-0.301,-0.042,1.612,-41.077,65.674,92.712
-0.299,0.044,1.602,-36.499,66.833,93.140
-0.286,0.132,1.693,-36.133,69.031,91.736
-0.267,0.273,1.721,-38.635,74.646,88.196
-0.213,0.325,1.774,-49.500,83.679,80.078
-0.243,0.296,1.765,-62.500,96.252,69.946
-0.258,0.325,1.643,-74.768,112.183,62.500
-0.253,0.315,1.583,-87.830,125.610,53.833
-0.250,0.301,1.473,-96.497,137.268,44.922
-0.234,0.306,1.401,-102.600,145.935,37.170
-0.223,0.383,1.252,-108.826,155.029,31.738
-0.207,0.460,1.097,-117.432,161.865,25.696
-0.180,0.543,1.046,-126.099,163.452,19.531
-0.158,0.657,0.973,-130.859,164.307,13.123
-0.141,0.752,0.937,-131.775,163.879,3.967
-0.137,0.762,0.935,-130.737,162.659,-7.812
-0.144,0.827,0.927,-135.498,163.147,-19.470
-0.144,0.830,0.815,-139.343,166.809,-32.227
-0.150,0.819,0.852,-143.372,166.626,-45.837
-0.162,0.901,0.769,-150.696,168.457,-56.763
-0.175,0.950,0.620,-146.912,169.739,-71.350
-0.178,0.739,0.511,-121.155,164.673,-91.614
-0.181,0.696,0.600,-99.670,152.222,-102.173
-0.202,0.735,0.568,-87.402,149.109,-106.873
-0.219,0.726,0.388,-81.238,150.879,-114.624
-0.237,0.738,0.275,-80.261,145.874,-121.277
-0.235,0.720,0.161,-76.599,135.864,-128.235
-0.228,0.618,0.205,-64.087,121.155,-136.963
-0.221,0.542,0.162,-55.237,109.375,-142.578
-0.200,0.459,0.134,-57.739,100.952,-145.874
-0.174,0.413,0.200,-64.148,90.271,-147.888
-0.157,0.375,0.218,-65.430,83.618,-148.987
-0.163,0.430,0.126,-59.326,81.360,-149.902
-0.179,0.456,-0.004,-56.580,78.430,-151.489
-0.178,0.399,-0.085,-57.190,70.984,-155.273
-0.152,0.301,-0.182,-57.678,60.730,-158.142
-0.126,0.198,-0.215,-55.664,47.363,-159.424
-0.100,0.101,-0.222,-48.218,33.203,-158.386
-0.071,0.040,-0.199,-44.006,20.203,-155.518
-0.041,0.019,-0.146,-41.138,8.789,-151.855
-0.008,-0.031,-0.088,-47.180,0.549,-148.437
0.020,-0.026,-0.035,-51.392,-5.554,-143.921
0.039,-0.073,-0.135,-53.101,-8.484,-141.602
0.065,-0.191,-0.241,-55.542,-14.648,-141.663
0.088,-0.290,-0.234,-56.274,-27.405,-138.428
0.115,-0.352,-0.169,-57.922,-41.077,-132.690
0.123,-0.386,-0.128,-55.786,-51.514,-126.709
0.136,-0.414,-0.133,-52.673,-61.218,-120.544
0.156,-0.491,-0.071,-55.603,-72.876,-115.784
0.173,-0.555,0.044,-59.265,-84.900,-109.436
0.191,-0.596,0.069,-58.655,-92.773,-102.722
0.199,-0.662,0.071,-57.190,-100.769,-96.313
0.200,-0.726,0.176,-53.955,-112.122,-89.111
0.199,-0.728,0.144,-48.096,-119.812,-80.017
0.202,-0.787,0.140,-40.833,-127.319,-72.632
0.207,-0.831,0.185,-39.368,-138.428,-64.819
0.214,-0.813,0.226,-37.781,-147.522,-55.542
0.210,-0.758,0.233,-30.273,-157.776,-46.265
0.204,-0.768,0.339,-20.813,-170.227,-39.612
0.194,-0.745,0.433,-15.930,-181.396,-32.837
0.188,-0.763,0.536,-7.446,-188.232,-26.428
0.188,-0.775,0.547,-0.854,-191.895,-19.653
0.181,-0.805,0.588,-1.404,-195.007,-12.268
0.161,-0.808,0.646,-8.850,-197.388,-3.723
0.129,-0.753,0.739,-9.827,-199.402,5.920
0.089,-0.616,0.761,-0.732,-200.867,15.564
0.055,-0.569,0.742,3.357,-202.454,20.569
0.033,-0.576,0.790,6.348,-207.520,23.682
0.007,-0.556,0.823,4.517,-213.684,28.259
-0.047,-0.514,0.834,-4.883,-218.323,32.654
-0.098,-0.502,0.996,4.822,-226.318,36.133
-0.128,-0.434,1.144,23.865,-230.957,40.771
-0.137,-0.493,1.189,20.813,-224.182,42.725
-0.165,-0.522,1.190,15.564,-215.881,46.204
-0.200,-0.570,1.223,11.353,-209.900,53.345
-0.244,-0.550,1.179,12.085,-204.590,62.134
-0.300,-0.537,1.092,14.404,-200.317,69.946
-0.365,-0.675,1.236,26.978,-207.092,74.463
-0.407,-0.576,1.387,42.542,-211.731,86.304
-0.439,-0.599,1.550,46.692,-211.121,94.177
-0.474,-0.561,1.743,34.973,-204.041,100.159
-0.517,-0.443,1.931,12.146,-191.711,107.239
-0.526,-0.447,1.982,-27.283,-171.875,109.924
-0.519,-0.598,2.311,-52.856,-156.982,111.816
-0.556,-0.631,2.513,-36.255,-133.606,122.314
-0.600,-0.626,2.405,-21.790,-95.398,133.484
-0.651,-0.588,2.275,-15.747,-63.721,142.212
-0.713,-0.431,2.255,-9.338,-43.457,150.452
-0.722,-0.277,2.229,-3.723,-27.161,154.053
-0.703,-0.289,2.130,3.235,-10.742,150.391
-0.680,-0.273,2.176,9.399,-1.282,149.170
-0.672,-0.221,2.192,23.254,6.836,149.414
-0.651,-0.123,2.178,34.546,19.897,149.841
-0.644,-0.064,2.113,39.612,32.898,148.437
-0.641,0.053,2.022,40.894,45.715,147.644
-0.638,0.236,1.858,36.804,57.129,145.630
-0.624,0.403,1.703,32.288,65.979,139.221
-0.605,0.500,1.614,33.020,69.275,129.456
-0.559,0.598,1.465,33.813,72.449,120.361
-0.508,0.654,1.415,32.715,72.876,110.535
-0.461,0.665,1.401,34.607,72.021,99.731
-0.418,0.663,1.365,35.034,74.097,87.708
-0.405,0.673,1.260,34.912,78.918,77.637
-0.393,0.761,1.131,37.354,82.458,69.946
-0.382,0.846,1.010,37.354,83.069,60.425
-0.361,0.897,0.901,30.884,80.750,48.096
-0.329,0.877,0.846,22.644,75.317,32.715
-0.297,0.864,0.864,8.545,67.383,18.433
-0.256,0.725,0.928,-4.272,62.378,2.869
-0.234,0.622,0.968,-11.475,61.157,-8.667
-0.223,0.564,0.812,-9.766,66.162,-17.212
-0.211,0.470,0.714,-9.033,66.528,-24.414
-0.208,0.462,0.615,-10.071,63.049,-29.419
-0.212,0.342,0.600,-7.812,55.603,-36.438
-0.213,0.174,0.539,-2.747,48.096,-42.786
-0.207,0.008,0.543,0.183,39.612,-45.105

-0.297,-0.632,1.687,-81.482,-32.227,77.515
-0.315,-0.613,1.564,-67.322,-21.729,87.219
-0.342,-0.586,1.521,-52.673,-16.968,97.351
-0.374,-0.428,1.457,-41.870,-14.038,109.070
-0.395,-0.144,1.537,-31.067,-14.893,117.249
-0.395,0.141,1.646,-28.442,-15.015,117.310
-0.391,0.285,1.812,-49.988,-10.681,107.239
-0.371,0.264,1.928,-77.515,-1.587,91.675
-0.342,0.017,2.049,-96.924,11.719,74.463
-0.356,-0.087,1.937,-107.361,31.982,66.345
-0.378,-0.053,1.726,-99.426,49.866,68.237
-0.400,-0.023,1.544,-91.858,61.523,68.665
-0.412,0.160,1.425,-86.243,66.528,70.557
-0.425,0.221,1.322,-84.045,69.031,67.871
-0.426,0.238,1.309,-85.327,68.054,61.340
-0.420,0.244,1.444,-87.280,65.613,55.725
-0.408,0.301,1.577,-89.722,68.359,50.476
-0.414,0.318,1.645,-95.642,77.820,44.495
-0.410,0.323,1.672,-105.286,91.309,37.903
-0.413,0.365,1.692,-113.708,106.995,32.837
-0.423,0.435,1.604,-118.408,125.549,28.809
-0.411,0.488,1.447,-121.277,141.479,22.461
-0.401,0.519,1.381,-121.765,149.963,15.320
-0.397,0.610,1.240,-130.920,157.715,9.216
-0.380,0.691,1.123,-139.282,162.842,1.343
-0.366,0.766,1.101,-130.859,160.156,-8.423
-0.355,0.821,1.055,-117.676,159.058,-19.958
-0.346,0.908,0.936,-114.136,161.560,-31.250
-0.334,0.951,0.869,-119.446,161.499,-43.945
-0.300,0.964,0.877,-125.793,157.471,-56.580
-0.263,0.860,0.909,-127.441,154.846,-70.313
-0.247,0.754,0.912,-114.746,153.442,-82.092
-0.263,0.767,0.865,-99.487,153.870,-88.928
-0.293,0.799,0.678,-80.322,156.311,-96.252
-0.311,0.764,0.625,-67.627,152.405,-104.797
-0.333,0.761,0.528,-59.021,148.010,-111.572
-0.350,0.807,0.461,-54.810,142.395,-117.065
-0.342,0.705,0.280,-48.462,135.803,-126.892
-0.315,0.601,0.256,-51.941,124.268,-134.277
-0.279,0.553,0.388,-59.082,109.619,-138.306
-0.232,0.479,0.426,-61.462,102.173,-142.212
-0.203,0.449,0.367,-58.350,99.609,-143.738
-0.179,0.468,0.273,-52.490,95.215,-144.165
-0.149,0.420,0.268,-46.143,87.036,-145.264
-0.128,0.423,0.278,-37.048,79.590,-145.630
-0.111,0.462,0.160,-25.818,75.989,-145.630
-0.090,0.427,0.046,-18.311,70.740,-148.437
-0.055,0.427,-0.009,-16.052,61.462,-149.658
-0.006,0.379,0.032,-18.799,50.537,-150.757
0.023,0.343,0.060,-19.714,42.236,-151.001
0.038,0.295,-0.027,-18.494,38.940,-151.062
0.047,0.230,-0.130,-13.977,33.447,-151.306
0.067,0.208,-0.167,-8.057,23.621,-149.536
0.087,0.148,-0.212,-3.418,13.550,-148.132
0.116,0.108,-0.209,-1.709,3.845,-146.362
0.148,0.039,-0.207,-2.747,-4.578,-144.348
0.180,-0.001,-0.229,-6.897,-12.451,-141.541
0.214,-0.065,-0.220,-17.151,-20.142,-138.306
0.238,-0.156,-0.218,-29.663,-28.259,-135.010
0.260,-0.209,-0.202,-35.767,-35.522,-130.249
0.267,-0.248,-0.238,-32.104,-42.664,-125.183
0.270,-0.263,-0.297,-26.367,-50.415,-119.812
0.254,-0.261,-0.306,-23.254,-62.378,-114.685
0.246,-0.312,-0.302,-22.827,-76.050,-111.450
0.244,-0.399,-0.198,-27.161,-91.187,-108.398
0.241,-0.501,-0.045,-31.006,-104.980,-103.699
0.242,-0.589,0.020,-33.569,-113.342,-97.290
0.218,-0.706,0.101,-26.184,-120.178,-89.478
0.182,-0.718,0.109,-16.418,-126.099,-79.285
0.140,-0.738,0.152,-13.123,-132.446,-69.214
0.098,-0.733,0.221,-12.817,-140.320,-60.364
0.063,-0.726,0.330,-15.381,-148.437,-51.880
0.054,-0.780,0.446,-20.813,-153.625,-45.471
0.055,-0.825,0.504,-22.400,-156.067,-38.086
0.060,-0.868,0.492,-22.522,-157.349,-29.663
0.039,-0.843,0.540,-19.592,-161.377,-20.325
0.016,-0.733,0.605,-11.658,-166.992,-10.132
-0.004,-0.718,0.660,-7.019,-170.227,-4.150
-0.020,-0.740,0.781,-7.996,-173.218,0.793
-0.038,-0.688,0.881,-4.822,-173.218,8.545
-0.054,-0.625,0.865,2.991,-169.312,16.113
-0.059,-0.570,0.846,6.897,-167.053,21.484
-0.063,-0.523,0.837,8.545,-168.030,25.818
-0.077,-0.535,0.823,8.728,-170.715,28.564
-0.104,-0.586,0.872,4.639,-174.377,32.166
-0.141,-0.606,0.989,2.563,-177.917,38.208
-0.179,-0.581,1.130,3.967,-178.711,46.814
-0.227,-0.489,1.246,12.939,-176.147,56.458
-0.259,-0.404,1.315,20.264,-170.654,63.782
-0.277,-0.349,1.470,20.142,-167.480,67.627
-0.306,-0.319,1.523,16.907,-159.485,69.946
-0.334,-0.309,1.487,19.287,-148.376,71.289
-0.355,-0.463,1.465,8.423,-140.503,69.397
-0.368,-0.570,1.485,-2.258,-134.827,72.327
-0.416,-0.587,1.589,-13.977,-130.310,80.627
-0.435,-0.552,1.719,-12.573,-127.014,89.844
-0.431,-0.494,1.820,-0.244,-120.422,100.586
-0.418,-0.484,1.871,4.639,-111.511,106.201
-0.414,-0.402,1.914,1.099,-100.464,112.488
-0.419,-0.369,1.954,-6.958,-88.257,116.150
-0.427,-0.406,1.950,-14.648,-73.730,117.859
-0.446,-0.353,1.960,-15.869,-61.035,121.948
-0.441,-0.312,2.011,-12.024,-50.781,124.634
-0.457,-0.319,2.105,-4.395,-40.649,125.122
-0.476,-0.199,2.074,7.629,-28.442,127.625
-0.495,-0.126,2.034,10.193,-15.808,128.479
-0.513,-0.040,2.008,8.179,-6.348,127.991
-0.502,0.009,1.950,-1.770,3.052,127.258
-0.484,0.032,1.931,-7.019,11.353,126.648
-0.483,0.093,1.849,-1.099,20.691,126.892
-0.475,0.141,1.732,5.676,29.419,126.526
-0.451,0.242,1.749,10.925,33.325,126.343
-0.433,0.354,1.690,16.968,38.208,125.305
-0.442,0.443,1.698,20.996,43.335,121.643
-0.441,0.533,1.594,21.484,49.744,116.760
-0.419,0.590,1.504,21.423,55.542,110.535
-0.394,0.615,1.422,19.531,58.777,102.905
-0.363,0.711,1.316,19.836,62.012,95.703
-0.334,0.750,1.240,22.156,62.622,86.914

-0.231,-0.716,1.586,-34.119,-20.325,93.689
-0.261,-0.672,1.583,-35.889,-14.587,103.149
-0.298,-0.598,1.590,-36.316,-9.277,112.671
-0.318,-0.455,1.608,-39.124,-4.272,121.887
-0.336,-0.255,1.686,-46.570,1.160,128.296
-0.318,-0.021,1.763,-55.298,8.362,129.578
-0.276,-0.015,1.812,-79.163,20.020,122.131
-0.274,0.143,1.836,-101.868,33.875,115.601
-0.277,0.184,1.616,-114.075,49.805,107.117
-0.272,0.056,1.502,-119.568,58.533,92.896
-0.265,0.024,1.484,-120.605,61.096,86.426
-0.249,-0.008,1.446,-118.835,65.796,83.130
-0.242,-0.059,1.355,-108.887,71.167,80.566
-0.231,-0.052,1.209,-97.229,75.134,80.688
-0.228,-0.051,1.152,-86.243,74.341,81.421
-0.230,0.015,1.139,-74.951,71.655,83.313
-0.220,0.169,1.107,-70.129,71.411,85.205
-0.212,0.367,1.114,-72.632,70.862,83.191
-0.172,0.483,1.257,-78.064,69.214,75.378
-0.146,0.645,1.369,-89.233,74.158,63.904
-0.129,0.786,1.320,-104.553,87.524,49.622
-0.099,0.808,1.245,-122.437,99.915,31.006
-0.073,0.796,1.164,-135.864,107.971,13.062
-0.053,0.813,1.111,-137.634,112.854,-0.916
-0.046,0.935,0.957,-124.329,117.798,-11.475
-0.047,1.016,0.828,-113.647,118.591,-23.926
-0.061,1.127,0.756,-103.210,114.685,-35.950
-0.075,1.223,0.673,-93.506,109.863,-48.279
-0.098,1.235,0.642,-78.552,101.807,-63.477
-0.139,1.262,0.625,-67.566,93.750,-77.515
-0.180,1.265,0.699,-62.256,85.999,-92.407
-0.214,1.185,0.811,-63.416,80.383,-108.398
-0.235,0.965,0.949,-70.862,80.200,-123.901
-0.263,0.854,1.006,-68.787,84.412,-133.179
-0.316,0.704,0.922,-60.608,93.567,-140.137
-0.392,0.699,0.648,-49.866,102.783,-144.043
-0.456,0.712,0.426,-41.931,102.844,-147.461
-0.481,0.705,0.333,-38.025,93.018,-153.198
-0.490,0.532,0.334,-32.715,81.360,-160.095
-0.472,0.483,0.354,-24.597,70.984,-161.987
-0.444,0.417,0.422,-21.667,62.195,-161.072
-0.412,0.354,0.521,-20.264,55.542,-161.316
-0.386,0.311,0.558,-19.958,53.833,-160.583
-0.367,0.218,0.575,-20.569,54.382,-161.255
-0.344,0.143,0.567,-19.348,55.786,-159.851
-0.330,0.131,0.516,-14.099,57.129,-156.799
-0.329,0.193,0.410,-7.019,57.800,-153.687
-0.315,0.158,0.271,-0.671,56.213,-153.992
-0.282,0.113,0.194,-0.183,49.133,-153.442
-0.232,0.087,0.235,-1.831,38.696,-149.780
-0.174,0.057,0.268,-1.221,30.518,-146.545
-0.119,0.038,0.267,-0.549,26.428,-143.311
-0.073,0.005,0.214,-0.854,23.254,-141.113
-0.033,0.036,0.130,1.160,20.386,-138.062
0.003,0.031,0.063,2.319,15.320,-137.390
0.042,-0.041,-0.023,0.610,8.850,-137.756
0.082,-0.099,-0.053,-5.188,0.427,-136.719
0.126,-0.191,-0.034,-12.939,-9.521,-135.071
0.156,-0.283,-0.064,-17.151,-18.555,-132.263
0.180,-0.369,-0.084,-18.188,-27.710,-127.319
0.201,-0.364,-0.016,-14.954,-38.940,-120.483
0.219,-0.364,-0.026,-7.263,-47.546,-113.831
0.228,-0.427,0.017,-6.958,-56.335,-109.253
0.224,-0.404,0.109,-9.949,-65.979,-103.943
0.205,-0.410,0.084,-15.076,-71.655,-99.915
0.186,-0.471,0.014,-21.973,-76.782,-98.267
0.180,-0.584,0.015,-29.114,-86.670,-95.886
0.183,-0.667,0.095,-34.058,-98.511,-90.576
0.185,-0.767,0.176,-36.865,-108.826,-83.618
0.177,-0.798,0.294,-36.926,-117.004,-74.219
0.166,-0.811,0.309,-33.508,-121.033,-64.026
0.135,-0.797,0.284,-32.410,-123.840,-54.443
0.112,-0.797,0.269,-29.907,-129.822,-45.593
0.105,-0.878,0.305,-31.921,-138.245,-37.659
0.092,-0.874,0.452,-32.593,-147.888,-27.222
0.071,-0.811,0.539,-28.259,-153.381,-15.808
0.059,-0.763,0.540,-23.499,-154.175,-7.141
0.045,-0.720,0.569,-20.752,-156.006,0.366
0.011,-0.727,0.609,-20.081,-158.569,7.385
-0.010,-0.749,0.626,-21.484,-159.912,15.625
-0.037,-0.743,0.679,-21.606,-163.025,24.597
-0.098,-0.713,0.774,-14.465,-167.603,34.485
-0.134,-0.740,0.906,-7.019,-171.143,42.419
-0.162,-0.749,1.088,-1.343,-173.462,51.208
-0.214,-0.722,1.234,2.991,-170.898,59.937
-0.257,-0.708,1.273,10.925,-163.879,67.322
-0.301,-0.754,1.202,12.756,-154.663,72.876
-0.367,-0.765,1.228,8.911,-150.757,79.590
-0.384,-0.788,1.358,11.902,-150.940,87.646
-0.396,-0.815,1.438,14.709,-146.851,95.520
-0.413,-0.775,1.489,24.841,-141.907,105.530
-0.440,-0.778,1.615,27.771,-140.076,113.647
-0.464,-0.730,1.725,18.982,-134.460,121.765
-0.513,-0.587,1.858,13.733,-127.502,130.493
-0.524,-0.510,2.025,7.507,-118.896,135.010
-0.505,-0.462,2.155,4.639,-106.201,139.771
-0.511,-0.377,2.256,4.089,-91.370,143.066
-0.533,-0.248,2.208,1.709,-73.242,147.095
-0.550,-0.071,2.197,2.502,-58.838,149.536
-0.533,0.067,2.159,0.305,-46.204,149.109
-0.504,0.172,2.162,0.244,-33.997,145.630
-0.476,0.329,2.140,5.737,-22.217,142.517
-0.450,0.433,2.120,9.827,-9.705,137.817
-0.442,0.561,2.062,15.015,1.160,131.226
-0.445,0.708,1.991,18.433,11.536,123.108
-0.434,0.820,1.923,19.165,20.386,112.488
-0.424,0.887,1.838,14.587,28.748,99.243
-0.405,0.849,1.766,6.531,36.133,85.388
-0.388,0.769,1.692,-0.793,43.152,71.838
-0.376,0.710,1.571,-0.793,50.537,61.646
-0.373,0.693,1.400,7.751,56.580,53.101
-0.364,0.707,1.239,17.151,59.570,45.776
-0.358,0.724,1.121,25.146,58.228,37.292
-0.349,0.684,1.000,26.611,55.908,27.344
-0.317,0.558,0.981,21.301,51.270,16.846
-0.299,0.456,0.945,16.479,48.035,9.033
-0.289,0.340,0.848,12.512,47.363,3.235
-0.284,0.255,0.759,11.536,45.654,0.061
-0.272,0.206,0.666,14.221,42.053,-1.221

-0.287,0.480,1.914,-53.894,72.632,68.420
-0.288,0.286,1.769,-85.571,91.614,47.363
-0.302,0.019,1.552,-104.797,107.361,32.471
-0.307,-0.143,1.342,-106.506,116.516,26.978
-0.289,-0.280,1.212,-99.670,119.202,27.466
-0.263,-0.255,1.162,-86.853,117.920,33.752
-0.239,-0.157,1.116,-75.623,115.845,41.626
-0.207,-0.130,1.102,-68.237,113.586,46.387
-0.176,-0.080,0.999,-62.561,113.953,50.720
-0.156,0.129,0.982,-57.373,112.793,55.542
-0.127,0.392,1.097,-56.274,108.521,54.932
-0.094,0.592,1.157,-70.374,108.765,46.326
-0.060,0.648,1.071,-102.112,116.150,31.067
-0.033,0.537,1.048,-129.211,119.263,12.939
-0.025,0.411,1.029,-139.160,120.667,-1.221
-0.013,0.309,0.899,-135.132,124.695,-8.911
-0.015,0.315,0.757,-116.699,125.916,-11.047
-0.027,0.392,0.658,-92.285,121.399,-10.071
-0.034,0.502,0.579,-76.416,113.953,-10.376
-0.022,0.589,0.653,-57.190,101.563,-12.573
-0.021,0.603,0.636,-46.814,94.299,-18.799
-0.033,0.688,0.688,-43.335,88.562,-23.804
-0.049,0.791,0.771,-35.645,82.581,-29.785
-0.063,0.870,0.848,-36.255,81.177,-38.574
-0.068,0.901,0.959,-45.593,81.482,-49.561
-0.065,0.908,1.068,-53.833,84.290,-61.279
-0.075,0.869,1.051,-58.289,92.651,-73.792
-0.103,0.793,0.833,-59.143,104.614,-86.426
-0.137,0.755,0.543,-54.138,110.291,-96.069
-0.164,0.743,0.321,-47.546,105.042,-102.661
-0.166,0.746,0.197,-41.687,92.896,-108.765
-0.160,0.708,0.201,-34.302,76.111,-115.417
-0.144,0.685,0.263,-29.297,60.364,-120.361
-0.113,0.630,0.400,-27.466,48.828,-124.207
-0.088,0.525,0.572,-21.851,42.053,-127.014
-0.080,0.517,0.638,-21.484,44.250,-127.075
-0.085,0.502,0.573,-17.944,50.110,-128.113
-0.101,0.524,0.453,-16.357,55.237,-129.333
-0.114,0.536,0.312,-16.296,55.481,-132.202
-0.116,0.535,0.196,-17.029,50.476,-136.780
-0.105,0.442,0.157,-15.076,40.649,-143.005
-0.062,0.336,0.174,-16.174,29.907,-146.912
-0.033,0.282,0.247,-17.883,19.409,-146.423
0.002,0.222,0.349,-15.747,12.390,-145.142
0.012,0.196,0.390,-15.625,10.193,-143.066
0.014,0.179,0.358,-16.235,10.925,-140.930
0.007,0.207,0.306,-15.198,11.719,-139.526
0.010,0.213,0.236,-15.320,10.193,-139.709
0.022,0.130,0.173,-18.555,7.324,-141.663
0.044,0.080,0.129,-20.020,1.831,-141.785
0.071,0.008,0.060,-21.240,-2.991,-140.625
0.093,-0.081,0.021,-24.597,-10.010,-139.893
0.122,-0.146,0.013,-23.132,-18.677,-136.353
0.147,-0.195,0.058,-19.714,-28.259,-132.385
0.167,-0.233,0.067,-18.311,-36.072,-128.113
0.175,-0.238,0.123,-15.320,-43.396,-124.084
0.183,-0.286,0.067,-11.414,-49.438,-121.460
0.183,-0.328,0.052,-12.512,-56.030,-118.896
0.167,-0.328,0.066,-14.832,-65.552,-115.234
0.167,-0.398,0.077,-23.376,-74.341,-113.647
0.172,-0.461,0.140,-30.457,-82.581,-111.023
0.186,-0.572,0.126,-36.743,-88.928,-108.337
0.185,-0.658,0.098,-41.931,-94.788,-103.516
0.167,-0.721,0.077,-44.128,-103.271,-96.252
0.154,-0.836,0.137,-45.044,-114.380,-88.501
0.119,-0.853,0.268,-39.856,-125.488,-77.515
0.093,-0.837,0.313,-33.936,-131.653,-65.735
0.062,-0.884,0.318,-30.396,-134.888,-57.251
0.024,-0.882,0.321,-29.846,-138.306,-47.424
-0.003,-0.922,0.326,-34.790,-142.883,-38.513
-0.017,-0.926,0.417,-39.551,-150.269,-29.236
-0.019,-0.940,0.493,-39.673,-156.311,-19.409
-0.029,-0.901,0.573,-38.086,-160.828,-9.277
-0.040,-0.865,0.654,-32.898,-163.635,0.427
-0.057,-0.867,0.696,-29.480,-163.513,8.911
-0.077,-0.862,0.705,-24.170,-162.842,18.738
-0.120,-0.791,0.787,-14.832,-164.246,29.907
-0.132,-0.814,0.850,-9.094,-165.283,38.391
-0.154,-0.849,0.978,-6.104,-166.748,47.180
-0.156,-0.872,1.121,-2.808,-167.297,57.312
-0.157,-0.860,1.249,2.869,-163.269,67.505
-0.195,-0.835,1.238,10.498,-153.748,77.271
-0.259,-0.748,1.152,21.545,-143.494,87.524
-0.321,-0.713,1.049,26.794,-137.085,94.543
-0.352,-0.643,1.125,26.733,-138.733,99.731
-0.365,-0.693,1.181,25.940,-140.137,102.539
-0.352,-0.793,1.296,31.555,-140.259,106.445
-0.362,-0.916,1.419,30.212,-138.916,112.427
-0.423,-0.804,1.484,27.893,-132.507,124.451
-0.463,-0.616,1.573,30.884,-126.282,135.376
-0.461,-0.617,1.587,21.057,-117.310,138.794
-0.472,-0.546,1.737,18.250,-113.037,143.921
-0.471,-0.469,1.887,22.766,-107.544,148.987
-0.465,-0.404,1.916,22.400,-95.459,152.161
-0.481,-0.281,1.988,19.653,-83.984,154.663
-0.475,-0.144,2.083,17.700,-73.914,155.457
-0.467,-0.045,2.059,13.855,-59.631,152.588
-0.462,-0.022,2.042,11.047,-46.692,148.376
-0.466,0.054,2.058,9.766,-36.682,145.752
-0.485,0.145,2.018,15.808,-25.391,143.494
-0.498,0.220,1.926,26.611,-14.709,138.916
-0.482,0.245,1.875,36.804,-7.812,132.690
-0.461,0.270,1.857,41.077,-3.418,127.014
-0.469,0.286,1.918,41.504,0.427,121.582
-0.466,0.343,1.876,41.992,7.812,116.333
-0.451,0.393,1.807,46.997,16.785,109.985
-0.433,0.496,1.775,54.871,21.484,103.821
-0.437,0.598,1.738,55.908,27.527,95.947
-0.423,0.636,1.627,62.927,32.471,85.205
-0.400,0.621,1.560,62.195,36.011,73.608
-0.370,0.605,1.553,54.443,36.987,61.951
-0.347,0.612,1.483,46.631,41.199,51.392
-0.334,0.595,1.351,43.640,45.593,40.405
-0.322,0.537,1.228,41.077,47.913,29.358
-0.316,0.496,1.127,35.645,47.546,19.409
-0.308,0.427,1.076,27.710,45.776,10.071
-0.306,0.332,1.000,17.700,44.617,1.831
-0.318,0.257,0.940,10.864,43.152,-3.540
-0.328,0.245,0.875,11.169,41.565,-7.507

-0.165,-0.442,1.941,-20.325,13.977,74.768
-0.172,-0.464,1.914,-28.320,25.208,75.745
-0.171,-0.448,1.873,-31.616,35.156,77.881
-0.164,-0.488,1.827,-32.776,43.274,80.505
-0.162,-0.491,1.790,-32.959,49.927,85.754
-0.182,-0.471,1.765,-31.982,55.664,91.675
-0.221,-0.330,1.734,-25.696,60.669,97.534
-0.247,-0.175,1.667,-21.973,65.796,100.098
-0.231,-0.054,1.652,-29.968,69.092,97.656
-0.238,-0.022,1.648,-44.678,73.547,91.125
-0.215,-0.110,1.576,-57.129,79.346,83.008
-0.207,-0.257,1.526,-68.298,84.839,75.806
-0.225,-0.234,1.367,-67.871,91.553,75.684
-0.223,-0.285,1.287,-62.927,94.360,77.881
-0.231,-0.234,1.199,-59.204,95.703,81.055
-0.252,-0.137,1.118,-55.908,94.238,84.595
-0.273,0.022,1.032,-49.561,91.919,85.571
-0.276,0.187,1.028,-48.828,86.487,82.581
-0.245,0.214,1.157,-62.256,79.834,73.853
-0.223,0.161,1.278,-78.430,79.285,63.354
-0.212,0.150,1.263,-84.412,85.388,55.237
-0.203,0.204,1.155,-83.374,92.896,49.011
-0.198,0.281,1.159,-77.454,95.032,44.006
-0.179,0.416,1.174,-68.298,94.543,38.574
-0.174,0.560,1.104,-72.327,99.304,31.189
-0.180,0.712,1.092,-85.510,102.844,20.569
-0.175,0.777,1.066,-100.586,104.736,6.409
-0.160,0.762,1.055,-109.497,107.483,-8.484
-0.158,0.767,0.997,-104.431,110.596,-21.484
-0.157,0.786,0.871,-95.398,114.746,-33.020
-0.160,0.805,0.777,-86.182,114.624,-45.227
-0.155,0.804,0.745,-78.735,111.389,-57.556
-0.159,0.753,0.742,-78.491,108.337,-69.641
-0.162,0.677,0.762,-81.787,106.873,-80.688
-0.176,0.626,0.815,-82.886,105.713,-88.257
-0.190,0.602,0.824,-77.881,106.995,-93.567
-0.215,0.573,0.726,-74.585,111.938,-98.999
-0.239,0.621,0.620,-66.223,113.586,-102.661
-0.252,0.629,0.526,-62.805,112.366,-108.337
-0.246,0.678,0.417,-65.125,108.887,-116.028
-0.244,0.730,0.367,-69.885,101.807,-123.718
-0.235,0.686,0.241,-77.148,95.520,-132.935
-0.209,0.673,0.120,-88.867,86.060,-140.442
-0.169,0.620,0.087,-92.407,73.242,-147.278
-0.127,0.521,0.058,-86.487,59.814,-153.076
-0.074,0.329,0.284,-71.289,43.213,-157.471
-0.046,0.359,0.385,-54.871,36.072,-154.907
-0.047,0.414,0.273,-41.077,39.673,-151.672
-0.070,0.479,0.156,-33.325,39.001,-152.588
-0.080,0.536,0.108,-32.288,32.898,-154.541
-0.078,0.445,0.029,-36.255,26.184,-161.072
-0.065,0.278,0.041,-39.856,16.846,-167.175
-0.054,0.199,0.051,-32.654,8.362,-167.236
-0.036,0.125,-0.001,-24.231,3.235,-165.955
-0.012,0.010,-0.030,-21.790,-3.052,-164.429
0.011,-0.044,0.009,-26.184,-11.169,-160.645
0.032,-0.128,0.082,-33.447,-18.311,-156.433
0.037,-0.214,0.024,-39.612,-21.301,-152.832
0.032,-0.302,-0.046,-38.635,-25.208,-147.949
0.033,-0.334,-0.080,-32.715,-32.227,-142.029
0.036,-0.327,-0.061,-26.245,-41.626,-136.414
0.053,-0.327,-0.061,-24.536,-50.232,-132.202
0.074,-0.445,-0.027,-29.602,-59.387,-130.737
0.106,-0.584,0.100,-34.790,-70.435,-127.502
0.138,-0.698,0.239,-38.147,-78.430,-120.789
0.146,-0.695,0.293,-37.781,-80.688,-110.657
0.135,-0.672,0.304,-37.476,-81.726,-101.563
0.106,-0.639,0.284,-40.466,-83.496,-94.910
0.108,-0.677,0.245,-47.302,-87.219,-90.332
0.106,-0.772,0.240,-55.176,-92.285,-85.693
0.116,-0.828,0.208,-60.730,-99.548,-78.369
0.128,-0.927,0.177,-65.247,-107.178,-68.970
0.131,-0.957,0.277,-60.669,-117.554,-56.824
0.114,-0.888,0.322,-51.819,-124.756,-42.725
0.089,-0.830,0.386,-48.340,-131.470,-31.494
0.059,-0.754,0.451,-45.837,-137.939,-21.729
0.017,-0.668,0.448,-45.532,-141.418,-13.000
-0.014,-0.660,0.443,-46.997,-145.691,-7.324
-0.041,-0.660,0.464,-49.988,-151.062,-1.770
-0.068,-0.672,0.521,-53.589,-157.776,4.517
-0.099,-0.671,0.639,-60.364,-164.185,12.268
-0.144,-0.633,0.795,-61.523,-169.434,21.790
-0.197,-0.602,0.938,-58.533,-171.143,30.945
-0.239,-0.522,0.957,-51.270,-167.603,40.161
-0.274,-0.483,0.991,-43.396,-163.757,48.096
-0.306,-0.438,1.022,-34.546,-160.645,53.894
-0.333,-0.425,0.978,-25.452,-156.860,59.021
-0.366,-0.546,0.946,-23.621,-154.358,62.073
-0.418,-0.629,1.012,-25.269,-156.433,68.298
-0.479,-0.552,1.116,-21.240,-158.386,79.407
-0.506,-0.454,1.172,-11.108,-157.654,88.806
-0.513,-0.372,1.264,2.747,-157.776,95.581
-0.520,-0.328,1.380,10.376,-156.982,100.830
-0.579,-0.295,1.514,9.399,-153.564,104.797
-0.594,-0.273,1.691,5.310,-147.217,108.459
-0.610,-0.300,1.805,-1.648,-135.986,110.718
-0.601,-0.414,1.814,-9.949,-119.690,113.586
-0.593,-0.449,1.836,-14.587,-105.774,120.117
-0.599,-0.502,1.708,-13.733,-90.149,128.723
-0.619,-0.446,1.704,-9.277,-79.285,139.404
-0.648,-0.359,1.857,-0.793,-75.317,150.940
-0.672,-0.267,1.980,0.916,-65.125,159.729
-0.677,-0.173,2.094,0.427,-52.185,165.527
-0.674,-0.174,2.205,2.014,-37.903,167.603
-0.676,-0.085,2.266,7.202,-22.400,170.410
-0.668,0.086,2.170,20.386,-5.798,173.889
-0.647,0.289,2.118,37.048,5.615,173.218
-0.629,0.494,2.140,52.490,14.099,168.945
-0.605,0.670,1.995,67.322,24.841,160.583
-0.573,0.767,1.881,71.716,32.776,148.132
-0.531,0.848,1.765,68.115,37.170,134.766
-0.484,0.799,1.711,57.495,40.588,120.789
-0.458,0.845,1.661,55.237,43.030,109.436
-0.433,0.845,1.547,55.969,46.692,98.877
-0.393,0.813,1.425,52.124,48.584,87.280
-0.361,0.810,1.394,44.434,47.058,78.247
-0.344,0.847,1.339,38.208,47.424,69.885
-0.338,0.883,1.237,39.734,49.683,61.096
-0.334,0.875,1.108,43.030,50.232,49.377

-0.287,0.135,1.736,-101.807,71.411,75.378
-0.314,0.030,1.511,-122.681,89.233,64.392
-0.330,0.045,1.390,-125.366,96.008,60.303
-0.331,-0.010,1.261,-116.516,101.074,56.763
-0.332,0.032,1.138,-100.952,101.868,55.603
-0.329,0.049,1.048,-87.585,98.450,55.481
-0.317,0.084,1.054,-75.256,92.102,54.932
-0.302,0.241,1.231,-60.486,84.290,54.871
-0.290,0.471,1.413,-59.753,83.130,51.086
-0.273,0.505,1.525,-72.144,89.111,38.757
-0.259,0.596,1.459,-91.919,100.708,25.391
-0.260,0.628,1.391,-118.164,114.807,11.475
-0.264,0.610,1.355,-136.108,123.962,-4.028
-0.262,0.560,1.258,-141.663,133.362,-16.968
-0.258,0.503,1.055,-132.629,142.395,-26.978
-0.263,0.506,0.864,-115.295,145.386,-34.302
-0.277,0.537,0.722,-98.206,140.808,-40.405
-0.275,0.558,0.623,-81.604,133.057,-47.546
-0.265,0.606,0.669,-66.895,120.728,-55.176
-0.249,0.593,0.849,-57.251,109.863,-62.866
-0.233,0.578,0.948,-57.617,108.459,-71.472
-0.239,0.488,1.021,-62.622,112.488,-79.163
-0.265,0.415,1.046,-70.862,120.667,-85.693
-0.307,0.452,0.991,-72.327,130.432,-89.050
-0.329,0.562,0.753,-67.261,139.404,-92.773
-0.321,0.505,0.546,-64.575,141.479,-102.051
-0.304,0.598,0.406,-60.608,134.766,-109.009
-0.296,0.643,0.320,-59.143,125.000,-116.089
-0.276,0.662,0.198,-59.509,116.028,-124.756
-0.262,0.669,0.085,-61.523,104.919,-132.263
-0.246,0.638,0.163,-57.861,88.196,-139.832
-0.238,0.601,0.201,-51.880,76.660,-146.545
-0.214,0.525,0.180,-44.922,70.129,-152.771
-0.177,0.454,0.156,-34.546,63.171,-157.166
-0.136,0.372,0.226,-28.076,55.298,-159.180
-0.096,0.347,0.248,-24.231,51.331,-158.630
-0.078,0.393,0.155,-21.851,52.429,-157.166
-0.071,0.457,0.057,-19.775,51.453,-157.043
-0.068,0.499,-0.021,-23.804,46.936,-159.668
-0.069,0.488,-0.094,-32.959,40.466,-163.452
-0.077,0.430,-0.196,-40.222,31.616,-169.067
-0.074,0.323,-0.304,-44.067,20.081,-173.645
-0.054,0.192,-0.272,-44.312,5.127,-175.781
-0.009,0.075,-0.177,-38.086,-9.033,-175.110
0.031,-0.086,0.000,-35.706,-20.020,-172.668
0.058,-0.094,0.018,-32.349,-23.865,-165.344
0.071,-0.134,0.026,-35.278,-25.940,-159.424
0.071,-0.119,-0.057,-38.147,-28.259,-154.236
0.056,-0.146,-0.161,-45.410,-32.959,-151.855
0.039,-0.140,-0.155,-50.537,-43.518,-150.330
0.035,-0.181,-0.185,-52.734,-54.504,-150.146
0.040,-0.329,-0.192,-54.810,-65.491,-150.635
0.058,-0.473,-0.048,-57.861,-80.994,-148.071
0.071,-0.577,0.097,-61.279,-93.628,-141.418
0.057,-0.688,0.169,-67.078,-99.548,-133.179
0.047,-0.719,0.214,-66.040,-103.455,-124.207
0.032,-0.724,0.239,-64.819,-107.300,-115.234
0.019,-0.787,0.281,-69.885,-112.366,-108.337
0.027,-0.910,0.374,-78.186,-118.896,-101.746
0.034,-1.019,0.426,-78.857,-123.047,-93.079
0.032,-1.045,0.492,-73.486,-126.648,-80.505
0.019,-1.069,0.521,-70.068,-128.784,-66.833
-0.004,-1.014,0.590,-65.186,-130.798,-52.063
-0.032,-0.907,0.610,-59.814,-133.057,-37.903
-0.068,-0.858,0.601,-58.960,-134.705,-28.503
-0.074,-0.869,0.688,-56.091,-139.648,-20.508
-0.066,-0.926,0.707,-52.063,-142.273,-12.390
-0.069,-0.903,0.850,-51.147,-146.667,-2.502
-0.083,-0.852,1.115,-48.340,-151.611,7.812
-0.095,-0.811,1.155,-46.082,-146.790,17.273
-0.124,-0.853,1.145,-45.227,-138.489,26.306
-0.160,-0.859,1.077,-40.344,-132.141,37.170
-0.205,-0.831,1.003,-36.072,-126.221,49.377
-0.260,-0.764,0.945,-28.320,-124.329,60.608
-0.272,-0.746,0.931,-22.034,-126.221,68.970
-0.281,-0.744,0.991,-15.869,-130.249,75.867
-0.302,-0.730,0.978,-9.277,-132.629,83.557
-0.326,-0.717,1.004,-4.761,-135.193,91.797
-0.359,-0.649,1.107,0.854,-139.282,101.929
-0.412,-0.598,1.198,6.653,-139.832,110.901
-0.449,-0.473,1.200,11.353,-136.719,119.263
-0.468,-0.467,1.083,16.541,-132.263,124.451
-0.497,-0.603,1.059,10.742,-132.568,127.014
-0.528,-0.649,1.275,6.958,-139.587,135.132
-0.546,-0.574,1.483,14.160,-141.418,146.790
-0.583,-0.497,1.554,23.193,-135.620,156.311
-0.617,-0.321,1.588,23.437,-129.639,165.161
-0.646,-0.186,1.616,12.634,-124.512,169.128
-0.659,-0.145,1.761,1.648,-119.995,169.556
-0.669,-0.003,1.963,1.587,-115.173,171.204
-0.657,0.167,1.985,11.169,-102.295,171.448
-0.649,0.201,1.994,19.165,-89.844,167.053
-0.613,0.271,2.194,29.175,-82.031,163.757
-0.585,0.437,2.263,41.748,-69.885,161.133
-0.556,0.527,2.152,53.772,-52.002,154.419
-0.529,0.547,2.181,59.875,-41.931,144.653
-0.517,0.699,2.148,71.716,-31.555,137.939
-0.511,0.758,2.025,83.923,-19.348,129.456
-0.508,0.746,2.000,83.557,-12.634,118.103
-0.497,0.771,1.955,76.172,-6.287,107.544
-0.482,0.804,1.878,67.993,1.526,96.619
-0.462,0.731,1.796,59.082,8.667,84.412
-0.443,0.718,1.732,52.551,15.503,74.219
-0.435,0.767,1.705,48.279,21.240,66.650
-0.427,0.746,1.550,45.288,30.151,55.969
-0.412,0.728,1.422,42.542,36.560,45.532
-0.397,0.683,1.327,39.978,37.903,34.363
-0.375,0.598,1.251,36.621,38.391,23.132
-0.369,0.549,1.214,35.950,37.842,14.282
-0.368,0.505,1.064,32.898,38.208,6.531
-0.359,0.378,1.035,23.743,35.828,-1.892
-0.346,0.266,0.999,20.935,33.325,-7.812
-0.350,0.154,0.955,20.203,31.982,-12.512
-0.359,0.091,0.874,17.212,31.067,-15.320
-0.370,0.008,0.842,10.803,27.466,-18.127
-0.362,-0.077,0.809,3.723,24.109,-20.325
-0.349,-0.197,0.790,2.869,20.020,-21.606
-0.328,-0.316,0.789,2.625,16.541,-21.118
-0.306,-0.380,0.824,4.517,12.817,-18.372

-0.253,-0.917,1.434,-29.114,-13.062,90.332
-0.281,-0.871,1.495,-22.705,-9.583,102.234
-0.300,-0.740,1.494,-20.996,-4.944,113.342
-0.318,-0.615,1.566,-25.635,-1.892,121.277
-0.330,-0.472,1.642,-35.217,1.526,125.061
-0.337,-0.340,1.660,-46.204,8.911,126.038
-0.341,-0.293,1.711,-56.152,15.869,124.023
-0.345,-0.240,1.689,-65.063,25.330,122.925
-0.362,-0.210,1.664,-67.810,33.691,122.803
-0.390,-0.186,1.551,-67.444,41.626,123.474
-0.398,-0.125,1.472,-65.186,46.265,124.512
-0.421,-0.004,1.462,-59.143,47.974,124.878
-0.402,0.180,1.499,-50.110,48.889,123.047
-0.375,0.168,1.611,-61.829,50.781,112.061
-0.366,0.307,1.673,-78.979,58.167,103.149
-0.357,0.283,1.657,-93.872,68.665,92.834
-0.342,0.281,1.566,-106.628,81.482,82.336
-0.327,0.234,1.502,-114.868,90.881,74.463
-0.321,0.188,1.413,-117.798,98.999,67.810
-0.328,0.242,1.261,-110.718,106.567,64.087
-0.339,0.283,1.076,-94.116,109.009,57.922
-0.329,0.302,1.063,-81.543,104.919,50.293
-0.307,0.417,1.164,-79.529,98.145,43.823
-0.291,0.564,1.284,-91.003,96.924,35.217
-0.269,0.570,1.398,-105.774,100.220,20.569
-0.245,0.511,1.406,-120.850,106.628,3.662
-0.234,0.469,1.259,-136.047,118.896,-8.423
-0.232,0.400,1.181,-144.470,126.648,-19.470
-0.249,0.384,1.085,-143.616,131.348,-27.344
-0.270,0.450,0.961,-136.780,136.475,-31.677
-0.294,0.446,0.776,-120.544,138.794,-38.940
-0.294,0.473,0.576,-104.004,136.780,-45.227
-0.272,0.467,0.547,-91.980,127.136,-51.086
-0.257,0.577,0.654,-77.881,114.685,-55.603
-0.260,0.739,0.752,-70.251,106.445,-62.683
-0.264,0.800,0.744,-77.087,104.126,-78.247
-0.275,0.699,0.758,-90.759,102.661,-96.497
-0.261,0.526,0.793,-101.746,101.135,-112.061
-0.252,0.352,0.791,-100.037,102.905,-121.094
-0.260,0.313,0.744,-86.182,105.835,-123.596
-0.280,0.350,0.543,-70.190,111.938,-122.681
-0.307,0.428,0.395,-56.763,111.572,-123.535
-0.330,0.522,0.295,-46.692,104.858,-125.732
-0.331,0.530,0.224,-44.861,97.412,-131.775
-0.305,0.379,0.170,-50.232,86.609,-140.259
-0.255,0.304,0.291,-48.401,72.876,-143.677
-0.225,0.314,0.309,-44.800,64.331,-143.311
-0.198,0.357,0.317,-39.917,59.570,-143.799
-0.176,0.365,0.275,-31.860,55.786,-145.996
-0.149,0.354,0.236,-28.931,52.673,-148.376
-0.126,0.300,0.225,-28.320,48.340,-151.062
-0.102,0.250,0.151,-28.748,45.837,-151.978
-0.074,0.211,0.054,-27.710,42.297,-152.466
-0.040,0.136,0.008,-22.888,35.461,-152.832
0.013,0.008,0.063,-18.616,26.794,-151.978
0.052,0.030,0.084,-11.780,21.057,-146.729
0.077,0.059,0.044,-4.944,18.188,-141.907
0.098,0.103,-0.010,-1.221,14.160,-139.404
0.116,0.111,-0.038,-5.554,7.385,-138.245
0.137,0.080,-0.044,-17.639,-1.099,-138.794
0.167,0.003,-0.020,-30.762,-10.559,-139.587
0.198,-0.144,0.008,-39.673,-19.531,-139.832
0.214,-0.268,0.057,-42.908,-28.259,-136.658
0.228,-0.296,0.046,-38.574,-32.898,-130.188
0.239,-0.293,-0.012,-27.954,-37.415,-124.084
0.242,-0.275,-0.017,-21.240,-44.861,-119.324
0.251,-0.212,0.002,-19.531,-54.565,-115.051
0.248,-0.241,0.126,-28.564,-65.735,-114.441
0.259,-0.319,0.224,-38.391,-75.317,-114.502
0.270,-0.421,0.287,-48.401,-79.651,-112.122
0.260,-0.505,0.326,-51.270,-83.557,-107.666
0.232,-0.550,0.335,-51.880,-86.182,-100.952
0.208,-0.515,0.296,-49.011,-88.623,-92.773
0.193,-0.511,0.291,-49.133,-93.079,-86.365
0.176,-0.546,0.283,-52.063,-100.220,-81.665
0.153,-0.669,0.347,-58.594,-109.192,-76.965
0.124,-0.778,0.384,-56.335,-116.821,-69.092
0.097,-0.791,0.466,-51.270,-122.925,-56.885
0.074,-0.739,0.526,-44.067,-127.136,-45.471
0.077,-0.734,0.607,-35.156,-129.944,-36.499
0.085,-0.677,0.649,-30.823,-130.981,-28.076
0.092,-0.639,0.673,-33.447,-131.775,-20.996
0.084,-0.615,0.677,-35.706,-133.118,-15.198
0.071,-0.649,0.702,-37.903,-135.193,-8.728
0.026,-0.611,0.817,-35.767,-138.245,-0.488
-0.034,-0.541,0.930,-26.733,-140.137,7.751
-0.063,-0.534,0.962,-21.240,-137.817,14.343
-0.081,-0.593,1.009,-22.095,-135.925,19.043
-0.097,-0.572,0.980,-21.240,-132.507,26.550
-0.107,-0.600,0.906,-17.578,-128.662,33.020
-0.128,-0.642,0.834,-11.169,-127.991,40.222
-0.164,-0.654,0.897,-6.775,-131.348,48.462
-0.219,-0.525,1.043,-0.183,-137.329,58.838
-0.260,-0.488,1.089,4.578,-137.634,64.941
-0.288,-0.524,1.169,3.113,-136.475,68.054
-0.316,-0.518,1.232,1.343,-135.498,72.815
-0.326,-0.590,1.245,-2.136,-130.859,76.843
-0.373,-0.732,1.189,-0.488,-125.610,81.482
-0.432,-0.833,1.236,9.033,-124.695,91.553
-0.506,-0.831,1.295,15.503,-123.169,103.027
-0.555,-0.723,1.368,21.729,-120.972,115.356
-0.581,-0.640,1.451,23.376,-120.239,124.023
-0.563,-0.707,1.560,15.076,-118.347,128.906
-0.541,-0.692,1.669,6.348,-113.647,135.437
-0.536,-0.687,1.676,4.395,-104.126,144.226
-0.565,-0.647,1.594,13.916,-93.567,153.687
-0.577,-0.446,1.691,23.865,-89.417,165.344
-0.578,-0.172,1.820,36.316,-87.158,174.438
-0.567,0.117,1.857,48.157,-79.407,177.124
-0.546,0.340,1.810,59.875,-68.909,172.058
-0.523,0.481,1.814,70.801,-62.256,162.964
-0.504,0.465,1.814,66.956,-57.373,151.306
-0.472,0.364,1.890,59.998,-52.307,140.930
-0.457,0.227,1.945,52.490,-44.373,135.437
-0.468,0.357,2.016,53.467,-34.119,136.658
-0.460,0.554,2.027,63.477,-22.156,136.658
-0.465,0.688,1.963,69.702,-8.789,128.967
-0.456,0.844,1.841,72.876,0.610,118.347
-0.418,0.875,1.785,64.575,5.981,104.065

-0.364,0.716,1.674,36.926,14.038,75.562
-0.349,0.715,1.655,31.982,18.005,67.383
-0.345,0.700,1.653,32.471,23.132,58.350
-0.351,0.741,1.580,35.461,30.945,48.950
-0.365,0.720,1.437,40.527,38.330,37.415
-0.370,0.575,1.348,40.588,42.664,23.804
-0.364,0.461,1.226,36.255,44.128,13.672
-0.343,0.329,1.201,25.085,43.823,6.165
-0.333,0.247,1.170,17.456,43.274,1.282
-0.343,0.224,1.068,15.137,44.922,-2.014
-0.349,0.163,0.957,14.648,44.983,-6.592
-0.342,0.089,0.858,14.465,42.480,-12.268
-0.330,-0.026,0.785,10.681,38.147,-17.700
-0.312,-0.134,0.744,11.169,32.288,-20.996
-0.298,-0.256,0.736,12.207,25.635,-22.339
-0.286,-0.332,0.705,15.442,20.630,-20.691
-0.284,-0.363,0.700,18.372,15.259,-17.151
-0.266,-0.354,0.724,18.982,9.583,-13.245
-0.255,-0.329,0.786,14.282,5.554,-10.864
-0.245,-0.297,0.764,6.470,4.272,-9.399
-0.230,-0.337,0.743,1.709,3.357,-9.827
-0.213,-0.311,0.721,2.808,1.282,-8.545
-0.191,-0.329,0.759,5.981,-1.404,-7.446
-0.183,-0.293,0.750,9.094,-3.296,-5.371
-0.188,-0.265,0.728,10.498,-5.188,-3.540
-0.189,-0.227,0.774,10.803,-8.484,-2.747
-0.182,-0.220,0.845,9.216,-11.597,-2.441
-0.181,-0.219,0.889,4.333,-11.597,-2.808
-0.189,-0.185,0.916,2.136,-10.742,-3.052
-0.187,-0.240,0.875,0.549,-8.728,-5.005
-0.191,-0.251,0.889,0.916,-8.911,-5.005
-0.190,-0.242,0.910,2.625,-9.583,-4.517
-0.187,-0.249,0.925,6.958,-9.766,-4.822
-0.186,-0.270,0.944,9.705,-9.460,-4.761
-0.184,-0.301,0.972,10.620,-8.972,-4.456
-0.186,-0.260,1.001,13.123,-7.935,-3.174
-0.186,-0.231,0.992,13.977,-6.042,-2.686
-0.181,-0.238,0.979,12.146,-4.333,-3.662
-0.180,-0.260,0.967,7.446,-3.296,-4.272
-0.179,-0.267,0.959,3.967,-2.808,-4.517
-0.174,-0.282,0.920,5.066,-2.441,-4.761
-0.170,-0.298,0.935,8.179,-3.418,-4.761
-0.169,-0.309,0.952,9.766,-3.906,-4.395
-0.170,-0.308,0.979,9.644,-4.333,-3.845
-0.176,-0.326,0.963,8.057,-3.601,-3.540
-0.172,-0.363,0.929,6.348,-3.418,-3.174
-0.167,-0.390,0.922,5.676,-4.211,-2.014
-0.163,-0.398,0.934,5.737,-5.615,0.000
-0.167,-0.354,0.951,5.432,-6.409,2.747
-0.175,-0.318,0.926,5.615,-6.531,4.211
-0.175,-0.286,0.956,5.493,-7.507,4.211
-0.175,-0.287,0.974,4.639,-8.484,3.418
-0.174,-0.329,0.987,0.610,-8.118,3.052
-0.178,-0.325,0.968,-0.610,-7.446,3.479
-0.182,-0.340,0.925,-0.671,-6.897,4.639
-0.180,-0.337,0.934,-1.099,-7.812,5.798
-0.177,-0.339,0.984,-0.854,-9.583,7.080
-0.180,-0.320,0.967,0.366,-8.789,9.155
-0.193,-0.268,0.967,2.075,-8.484,11.108
-0.199,-0.193,0.999,3.540,-9.460,11.658
-0.202,-0.221,0.971,0.122,-8.545,9.216
-0.208,-0.278,0.991,-2.625,-8.728,7.080
-0.216,-0.300,0.950,-5.371,-8.179,7.324
-0.214,-0.377,0.940,-5.371,-9.033,7.507
-0.208,-0.397,0.945,-3.662,-10.132,9.399
-0.203,-0.429,0.990,-0.427,-11.780,12.024
-0.208,-0.429,0.997,3.174,-11.719,14.771
-0.214,-0.388,0.986,6.836,-11.414,17.395
-0.211,-0.381,1.002,5.798,-11.475,18.188
-0.197,-0.405,1.041,1.404,-11.719,18.616
-0.189,-0.448,1.032,-3.418,-10.742,19.287
-0.181,-0.494,1.002,-5.066,-9.644,21.484
-0.181,-0.512,0.972,-3.418,-9.460,25.146
-0.192,-0.444,1.009,0.793,-10.864,30.151
-0.208,-0.364,1.025,6.958,-11.475,33.325
-0.213,-0.345,1.019,6.592,-10.803,33.936
-0.203,-0.370,1.074,-1.221,-11.963,33.508
-0.194,-0.425,1.083,-10.010,-10.803,33.752
-0.188,-0.476,1.070,-12.146,-8.789,35.522
-0.194,-0.474,1.014,-7.812,-7.019,39.246
-0.198,-0.460,1.002,-3.784,-7.263,43.518
-0.203,-0.435,0.989,-0.671,-8.789,47.180
-0.208,-0.455,0.987,0.916,-10.742,49.744
-0.211,-0.378,1.055,3.967,-13.245,52.795
-0.223,-0.184,1.107,7.812,-13.306,54.504
-0.219,-0.116,1.126,1.587,-11.230,51.147
-0.202,-0.160,1.134,-16.907,-8.667,44.373
-0.192,-0.269,1.079,-33.325,-4.272,40.222
-0.193,-0.339,0.976,-36.926,-1.221,39.978
-0.210,-0.295,0.871,-31.189,-0.305,43.335
-0.233,-0.204,0.823,-22.766,-1.831,46.753
-0.246,-0.139,0.772,-11.108,-4.517,47.363
-0.254,-0.052,0.751,-0.244,-7.690,46.265
-0.251,0.054,0.865,1.709,-12.939,43.457
-0.234,0.091,0.943,-8.057,-14.038,37.231
-0.227,0.031,0.966,-24.719,-11.414,28.687
-0.231,-0.046,0.855,-36.011,-5.859,22.217
-0.235,-0.153,0.703,-38.147,-1.953,18.372
-0.245,-0.137,0.649,-34.363,-3.723,20.020
-0.263,-0.057,0.648,-27.954,-7.080,22.278
-0.293,-0.017,0.587,-19.165,-9.766,21.973
-0.314,0.028,0.535,-8.484,-13.123,20.020
-0.319,0.052,0.651,2.197,-20.264,15.686
-0.331,0.092,0.748,3.723,-23.682,10.681
-0.324,-0.010,0.814,-3.784,-23.132,3.723
-0.317,-0.168,0.833,-15.015,-20.508,-1.099
-0.327,-0.277,0.814,-19.531,-16.785,-1.648
-0.347,-0.287,0.716,-14.282,-12.878,0.183
-0.358,-0.236,0.681,-5.005,-13.428,2.563
-0.359,-0.178,0.713,1.770,-16.968,3.540
-0.349,-0.172,0.802,4.883,-20.203,2.563
-0.341,-0.170,0.880,8.972,-21.118,1.282
-0.334,-0.166,0.948,9.644,-19.104,0.183
-0.334,-0.169,0.954,5.737,-16.113,-1.221
-0.328,-0.241,0.936,-0.427,-12.695,-3.174
-0.324,-0.257,0.953,-1.953,-11.169,-3.296
-0.320,-0.252,0.955,0.793,-9.338,-2.441
-0.320,-0.229,0.946,6.897,-7.751,-1.953
-0.323,-0.198,0.961,11.963,-6.775,-1.465

-0.251,-0.757,2.104,-7.324,-1.526,66.345
-0.284,-0.774,2.288,-14.465,11.108,73.914
-0.335,-0.740,2.303,-17.578,30.640,82.642
-0.396,-0.658,2.256,-20.142,47.913,89.172
-0.438,-0.552,2.266,-21.057,60.852,94.543
-0.445,-0.556,2.212,-23.010,72.021,96.375
-0.428,-0.545,2.260,-22.461,80.505,98.328
-0.460,-0.461,2.240,-31.982,91.187,99.915
-0.485,-0.252,2.175,-37.537,103.333,101.501
-0.484,-0.249,2.058,-47.729,116.150,95.154
-0.480,-0.186,2.056,-62.378,125.366,89.722
-0.486,-0.078,2.020,-80.444,134.644,85.266
-0.464,0.013,1.896,-90.942,147.339,77.026
-0.460,0.034,1.682,-100.830,160.522,65.186
-0.434,0.044,1.475,-102.417,167.114,54.810
-0.401,0.071,1.317,-107.361,170.471,45.593
-0.352,0.121,1.229,-110.413,170.166,37.537
-0.286,0.153,1.219,-117.676,168.884,28.687
-0.251,0.283,1.140,-121.216,171.753,20.691
-0.224,0.472,1.134,-117.004,173.584,11.902
-0.228,0.728,0.945,-117.859,178.955,0.977
-0.243,0.823,0.750,-136.169,183.594,-16.663
-0.268,0.860,0.623,-153.625,179.260,-37.415
-0.273,0.798,0.510,-162.048,172.058,-57.434
-0.267,0.704,0.500,-157.837,161.865,-74.097
-0.247,0.594,0.504,-146.545,153.564,-87.402
-0.222,0.521,0.656,-133.362,146.362,-95.581
-0.239,0.506,0.772,-118.225,144.470,-100.464
-0.312,0.609,0.627,-100.403,152.710,-104.126
-0.378,0.616,0.344,-87.463,159.424,-112.366
-0.418,0.627,0.067,-85.632,157.349,-122.009
-0.459,0.668,-0.052,-87.708,144.226,-130.920
-0.455,0.610,-0.129,-93.323,126.465,-141.663
-0.400,0.431,-0.110,-101.807,107.422,-153.015
-0.334,0.199,0.041,-104.980,87.402,-160.706
-0.298,0.126,0.156,-98.694,73.425,-160.583
-0.255,0.072,0.137,-89.050,68.054,-157.837
-0.189,-0.069,0.346,-77.515,60.303,-156.311
-0.155,0.004,0.464,-71.472,59.265,-148.621
-0.152,0.027,0.347,-68.542,66.406,-142.090
-0.199,0.175,0.187,-70.984,70.313,-137.756
-0.234,0.312,-0.056,-74.463,67.871,-137.512
-0.228,0.337,-0.248,-78.979,58.289,-145.264
-0.192,0.232,-0.239,-76.660,38.452,-154.480
-0.138,0.134,-0.196,-72.815,18.677,-160.339
-0.071,0.021,-0.134,-72.815,2.258,-162.781
-0.006,-0.096,-0.045,-75.623,-10.071,-161.621
0.042,-0.190,0.003,-76.172,-19.775,-157.593
0.099,-0.286,0.008,-73.669,-25.513,-151.306
0.116,-0.325,-0.015,-69.336,-29.541,-143.799
0.125,-0.326,-0.041,-60.913,-34.485,-135.986
0.123,-0.308,-0.043,-54.688,-40.649,-129.883
0.109,-0.249,-0.075,-55.908,-46.753,-125.793
0.104,-0.302,-0.145,-60.913,-55.054,-126.526
0.092,-0.433,-0.173,-67.566,-66.345,-127.625
0.102,-0.631,-0.153,-77.576,-81.604,-125.732
0.128,-0.853,-0.017,-86.731,-96.191,-119.263
0.149,-0.978,0.165,-89.600,-108.948,-107.666
0.161,-1.041,0.305,-84.229,-115.112,-93.262
0.157,-1.027,0.356,-74.768,-115.845,-78.613
0.140,-1.016,0.386,-66.040,-116.516,-65.369
0.122,-1.035,0.420,-62.927,-118.225,-54.321
0.101,-1.054,0.451,-63.171,-120.422,-43.884
0.088,-1.001,0.466,-64.148,-124.390,-32.898
0.082,-1.025,0.405,-68.542,-125.977,-23.132
0.110,-1.131,0.429,-65.125,-133.118,-14.771
0.113,-1.183,0.503,-60.303,-139.160,-1.038
0.097,-1.079,0.647,-50.232,-144.287,15.015
0.092,-0.959,0.715,-40.405,-143.982,29.907
0.082,-0.868,0.754,-30.273,-141.357,40.466
0.078,-0.767,0.838,-22.644,-141.479,50.049
0.052,-0.644,0.889,-20.996,-141.296,58.960
0.017,-0.604,0.937,-24.170,-139.343,65.369
-0.010,-0.715,0.952,-26.855,-135.986,68.970
-0.050,-0.842,0.912,-20.447,-131.714,76.050
-0.099,-0.769,0.896,-4.150,-130.066,87.952
-0.114,-0.667,0.875,15.015,-131.714,98.083
-0.140,-0.555,0.906,27.588,-135.071,104.553
-0.167,-0.426,0.957,37.964,-139.954,109.497
-0.183,-0.365,1.009,38.879,-142.456,110.596
-0.212,-0.341,1.105,39.368,-144.165,111.145
-0.239,-0.366,1.245,40.710,-145.569,111.572
-0.259,-0.351,1.352,46.082,-144.226,114.990
-0.269,-0.369,1.488,52.246,-141.174,119.263
-0.316,-0.157,1.539,60.913,-133.850,125.366
-0.373,0.029,1.462,70.435,-124.023,126.587
-0.397,-0.026,1.349,79.468,-118.652,119.385
-0.413,-0.165,1.188,77.209,-118.164,112.671
-0.429,-0.459,1.237,63.904,-123.474,109.741
-0.434,-0.486,1.465,59.265,-132.690,117.493
-0.446,-0.264,1.657,62.988,-133.179,127.991
-0.428,-0.144,1.734,73.608,-125.916,131.165
-0.418,-0.061,1.752,78.186,-117.676,128.662
-0.423,-0.008,1.780,77.332,-111.023,127.441
-0.435,0.097,1.845,71.899,-107.361,126.648
-0.443,0.196,2.005,61.768,-101.501,125.061
-0.421,0.152,2.260,56.458,-92.957,120.667
-0.430,0.166,2.280,60.181,-74.890,117.310
-0.450,0.272,2.241,76.355,-55.115,116.333
-0.486,0.458,2.082,94.910,-38.940,111.694
-0.487,0.391,2.068,106.323,-30.579,99.487
-0.475,0.297,1.962,105.286,-22.766,88.196
-0.453,0.243,2.011,102.417,-17.578,80.627
-0.425,0.119,1.963,94.849,-8.545,73.669
-0.422,0.081,1.906,85.144,1.831,70.190
-0.434,0.180,1.774,77.148,11.841,69.946
-0.434,0.249,1.647,65.430,20.203,65.674
-0.429,0.263,1.528,53.589,25.574,58.838
-0.423,0.344,1.442,46.936,27.710,52.734
-0.406,0.340,1.370,47.485,29.114,43.945
-0.388,0.273,1.324,40.588,29.785,33.325
-0.376,0.160,1.222,31.860,31.982,25.513
-0.368,0.091,1.183,25.879,32.349,20.508
-0.359,0.077,1.125,29.114,32.776,17.334
-0.348,-0.012,1.100,31.738,33.447,12.573
-0.344,-0.031,1.040,30.151,34.790,9.277
-0.353,-0.022,0.997,25.879,35.706,6.775
-0.347,-0.062,0.912,19.165,35.767,2.014
-0.353,-0.076,0.875,14.282,33.630,-1.465

-0.402,-0.303,1.853,16.296,-110.840,104.004
-0.458,-0.206,1.795,13.123,-97.168,110.718
-0.464,-0.200,1.715,14.832,-86.243,112.244
-0.475,-0.165,1.639,16.479,-80.688,115.601
-0.509,-0.067,1.649,19.165,-80.444,118.530
-0.473,-0.029,1.707,22.156,-80.688,118.896
-0.429,-0.090,1.869,32.043,-82.031,117.310
-0.395,0.011,1.992,43.396,-78.674,121.948
-0.366,0.113,2.002,43.762,-65.796,126.648
-0.363,0.229,1.872,44.067,-51.208,128.479
-0.361,0.367,1.748,47.241,-41.077,129.333
-0.350,0.436,1.732,50.781,-36.987,126.465
-0.355,0.401,1.628,58.838,-33.325,120.300
-0.332,0.246,1.666,68.542,-33.081,114.136
-0.333,0.088,1.750,74.768,-33.142,110.107
-0.373,0.083,1.693,83.740,-26.306,112.793
-0.412,0.037,1.614,91.248,-19.409,114.868
-0.429,0.003,1.587,95.398,-15.564,116.394
-0.447,0.024,1.579,94.910,-12.756,119.629
-0.450,0.135,1.525,88.013,-8.911,122.681
-0.425,0.170,1.506,78.613,-5.615,121.765
-0.417,0.250,1.485,70.251,-2.625,119.812
-0.394,0.331,1.546,63.782,-0.061,116.943
-0.401,0.417,1.521,57.861,6.348,111.511
-0.416,0.476,1.362,52.979,14.282,102.966
-0.412,0.498,1.290,47.546,16.785,93.201
-0.403,0.483,1.237,36.560,15.747,83.862
-0.378,0.419,1.276,25.452,13.367,75.256
-0.356,0.405,1.269,24.048,13.916,69.763
-0.348,0.415,1.220,28.809,17.090,64.575
-0.347,0.473,1.141,36.194,20.142,60.303
-0.343,0.537,1.136,38.208,21.484,53.833
-0.331,0.552,1.093,35.461,23.804,44.800
-0.333,0.461,0.957,26.917,27.954,33.020
-0.324,0.285,0.923,17.456,27.039,23.132
-0.333,0.240,0.860,13.245,25.757,17.944
-0.344,0.179,0.829,16.907,23.865,14.160
-0.353,0.098,0.763,23.132,21.851,10.681
-0.347,0.065,0.720,26.489,17.883,9.460
-0.345,0.068,0.804,23.376,11.780,7.874
-0.341,0.018,0.832,19.165,8.850,3.967
-0.348,-0.061,0.806,12.451,8.606,-0.366
-0.350,-0.182,0.845,5.859,6.592,-3.540
-0.346,-0.295,0.857,3.113,5.005,-5.493
-0.339,-0.379,0.890,5.676,4.089,-4.822
-0.338,-0.396,0.882,10.864,3.906,-2.136
-0.328,-0.391,0.889,15.442,3.601,0.549
-0.310,-0.385,0.860,17.334,3.479,3.296
-0.291,-0.319,0.876,19.714,2.686,6.348
-0.281,-0.230,0.867,21.118,2.136,8.240
-0.261,-0.194,0.840,18.982,2.075,7.019
-0.240,-0.202,0.871,13.184,0.244,4.517
-0.229,-0.204,0.903,12.024,-0.854,2.930
-0.226,-0.206,0.934,13.367,-0.916,1.465
-0.221,-0.193,0.897,17.151,-0.305,0.732
-0.220,-0.211,0.927,18.127,-1.099,-0.183
-0.222,-0.217,0.954,19.897,-2.319,-0.793
-0.228,-0.230,1.007,19.165,-2.869,-0.793
-0.230,-0.222,1.014,17.273,-1.404,-0.916
-0.228,-0.218,0.992,13.855,0.244,-1.465
-0.228,-0.213,0.996,8.972,1.160,-2.625
-0.226,-0.237,0.993,7.446,1.526,-3.906
-0.220,-0.264,0.961,6.775,3.113,-4.700
-0.212,-0.266,0.940,6.104,2.991,-4.578
-0.207,-0.255,0.926,4.089,2.441,-4.089
-0.198,-0.261,0.940,6.165,1.099,-4.150
-0.193,-0.286,0.918,10.132,0.793,-4.211
-0.193,-0.282,0.932,11.658,0.732,-2.747
-0.195,-0.249,0.949,11.169,0.183,-1.526
-0.191,-0.258,0.926,10.315,0.671,-1.831
-0.188,-0.286,0.925,8.423,0.671,-2.991
-0.182,-0.292,0.913,8.972,0.183,-2.991
-0.175,-0.333,0.898,8.545,-0.183,-3.296
-0.181,-0.337,0.881,6.836,-0.854,-2.014
-0.190,-0.295,0.902,6.104,-2.197,-0.671
-0.186,-0.263,0.933,8.057,-3.357,-0.916
-0.177,-0.334,0.951,7.751,-3.052,-3.113
-0.180,-0.361,0.939,5.981,-2.075,-3.357
-0.185,-0.414,0.939,3.540,-1.587,-2.258
-0.185,-0.449,0.970,3.723,-1.526,0.061
-0.191,-0.394,0.998,6.531,-0.916,3.845
-0.198,-0.314,1.003,9.399,0.977,6.226
-0.199,-0.333,0.987,11.841,2.441,4.883
-0.197,-0.347,0.949,10.315,3.784,3.357
-0.188,-0.361,0.961,8.728,3.113,2.197
-0.177,-0.378,0.943,7.202,3.296,2.136
-0.174,-0.386,0.947,7.507,2.869,2.930
-0.181,-0.349,0.931,5.981,2.625,5.005
-0.179,-0.315,0.936,6.592,2.869,6.409
-0.188,-0.279,0.878,7.751,2.563,6.592
-0.192,-0.274,0.859,8.179,1.892,6.531
-0.189,-0.234,0.907,7.568,-0.366,5.981
-0.187,-0.244,0.922,7.446,-0.916,4.517
-0.182,-0.269,0.942,6.775,-0.732,2.625
-0.187,-0.269,0.999,10.254,-0.183,2.319
-0.192,-0.287,0.920,11.963,2.502,2.075
-0.202,-0.312,0.926,10.742,3.784,2.258
-0.210,-0.291,0.911,8.789,3.479,3.113
-0.211,-0.307,0.914,5.371,3.479,2.747
-0.211,-0.313,0.898,4.517,3.174,2.747
-0.206,-0.318,0.875,5.615,3.235,2.747
-0.198,-0.326,0.901,8.606,1.709,2.502
-0.198,-0.291,0.914,9.949,1.160,3.296
-0.198,-0.284,0.903,6.897,1.221,2.747
-0.200,-0.304,0.887,1.831,1.465,1.465
-0.202,-0.327,0.887,-0.916,0.671,0.854
-0.201,-0.361,0.915,0.549,0.122,0.793
-0.201,-0.357,0.921,5.249,0.122,1.831
-0.202,-0.371,0.928,9.705,0.000,2.319
-0.201,-0.373,0.953,13.794,0.732,3.235
-0.200,-0.347,0.939,16.663,1.465,3.723
-0.197,-0.342,0.984,12.451,1.587,3.601
-0.201,-0.344,0.923,7.874,3.418,3.357
-0.198,-0.373,0.907,1.892,3.662,2.502
-0.200,-0.349,0.882,0.000,2.625,3.113
-0.193,-0.351,0.909,2.930,0.977,2.747
-0.186,-0.362,0.920,5.737,0.488,3.235
-0.189,-0.337,0.928,8.118,0.427,4.333
-0.189,-0.333,0.921,8.850,0.610,4.944

-0.183,-0.738,1.751,-20.264,-24.109,65.796
-0.179,-0.814,1.804,-41.992,-14.954,65.247
-0.200,-0.883,1.871,-48.584,-5.554,68.176
-0.226,-0.924,1.769,-45.105,5.981,74.646
-0.261,-0.881,1.629,-39.917,14.221,83.618
-0.293,-0.890,1.589,-36.682,16.541,92.224
-0.325,-0.795,1.552,-28.870,16.907,101.074
-0.342,-0.526,1.647,-23.010,15.320,109.253
-0.337,-0.322,1.699,-28.198,17.761,110.840
-0.317,-0.221,1.732,-47.302,23.132,103.638
-0.307,-0.239,1.749,-70.374,31.250,94.727
-0.304,-0.250,1.652,-88.135,41.931,86.548
-0.319,-0.300,1.583,-101.685,51.697,80.078
-0.316,-0.353,1.488,-103.699,57.922,75.867
-0.315,-0.378,1.474,-103.943,61.523,74.158
-0.331,-0.220,1.353,-104.309,67.261,75.684
-0.329,-0.156,1.340,-97.107,68.909,74.585
-0.318,-0.088,1.335,-90.149,69.458,71.594
-0.309,0.029,1.334,-86.182,70.801,67.993
-0.291,0.112,1.404,-89.600,72.693,60.974
-0.281,0.162,1.450,-97.351,78.430,50.903
-0.265,0.229,1.480,-112.183,87.524,38.879
-0.255,0.282,1.456,-130.066,99.304,24.841
-0.249,0.251,1.409,-151.672,111.938,10.132
-0.261,0.275,1.291,-171.204,125.244,-1.587
-0.273,0.297,1.164,-179.138,135.742,-11.353
-0.267,0.323,1.001,-169.983,140.991,-20.874
-0.261,0.441,0.841,-156.433,142.822,-28.076
-0.266,0.569,0.771,-149.719,141.174,-35.034
-0.273,0.635,0.758,-152.405,138.367,-45.166
-0.285,0.667,0.794,-154.907,135.437,-56.763
-0.311,0.706,0.824,-150.391,135.559,-67.932
-0.350,0.787,0.688,-147.400,139.954,-79.346
-0.384,0.812,0.622,-144.104,138.977,-93.262
-0.396,0.755,0.550,-138.733,133.972,-108.154
-0.383,0.542,0.521,-136.719,129.150,-122.253
-0.371,0.338,0.604,-131.470,123.718,-130.127
-0.391,0.384,0.526,-122.620,124.939,-128.662
-0.404,0.438,0.326,-114.075,130.005,-127.686
-0.420,0.497,0.189,-105.530,126.648,-130.127
-0.410,0.504,0.120,-99.426,116.699,-135.132
-0.393,0.504,0.039,-93.018,104.736,-141.846
-0.367,0.508,-0.011,-89.233,91.858,-146.790
-0.340,0.539,-0.073,-90.881,77.942,-151.062
-0.294,0.404,0.015,-90.942,61.646,-157.654
-0.240,0.229,0.103,-89.294,48.035,-162.109
-0.185,0.074,0.117,-83.313,43.823,-161.133
-0.151,0.040,0.027,-63.721,41.687,-155.945
-0.127,0.080,-0.096,-43.335,38.818,-149.292
-0.109,0.159,-0.188,-29.358,31.616,-144.714
-0.083,0.214,-0.227,-21.667,20.630,-143.066
-0.048,0.217,-0.236,-17.456,9.155,-144.287
-0.003,0.109,-0.241,-19.958,-2.014,-147.461
0.053,-0.031,-0.198,-21.973,-13.428,-148.804
0.094,-0.142,-0.137,-22.766,-23.804,-146.545
0.141,-0.284,-0.077,-18.250,-31.982,-141.663
0.163,-0.309,-0.070,-10.864,-37.781,-133.606
0.186,-0.237,-0.029,-5.188,-43.640,-124.573
0.195,-0.142,-0.004,-4.028,-48.523,-119.263
0.193,-0.129,-0.040,-9.583,-53.345,-118.469
0.215,-0.256,-0.037,-20.935,-60.242,-120.667
0.231,-0.417,0.007,-32.166,-69.824,-119.995
0.253,-0.606,0.114,-39.551,-79.956,-115.479
0.249,-0.710,0.201,-44.739,-86.487,-105.347
0.224,-0.667,0.230,-39.795,-91.064,-92.102
0.194,-0.600,0.258,-34.424,-95.825,-80.811
0.156,-0.529,0.241,-28.320,-100.830,-72.998
0.138,-0.528,0.282,-25.146,-108.765,-67.932
0.117,-0.526,0.361,-21.423,-116.638,-63.904
0.127,-0.728,0.361,-31.433,-122.620,-61.707
0.142,-0.806,0.416,-36.438,-126.953,-53.894
0.151,-0.927,0.487,-39.185,-132.690,-44.067
0.122,-0.882,0.544,-30.701,-136.780,-30.151
0.084,-0.762,0.638,-20.752,-140.869,-17.578
0.030,-0.657,0.628,-14.343,-142.090,-8.606
-0.003,-0.668,0.701,-12.878,-144.775,-4.028
-0.019,-0.675,0.767,-15.442,-148.132,0.732
-0.045,-0.740,0.851,-15.259,-148.254,6.409
-0.062,-0.754,0.831,-7.874,-146.057,15.015
-0.071,-0.762,0.855,-2.136,-145.203,23.010
-0.091,-0.707,0.846,2.380,-145.325,31.372
-0.117,-0.661,0.847,3.784,-145.447,38.818
-0.148,-0.593,0.951,5.737,-149.048,45.776
-0.177,-0.591,1.010,11.169,-150.757,51.575
-0.205,-0.599,1.073,16.357,-150.269,57.373
-0.247,-0.583,1.175,20.996,-151.062,64.453
-0.286,-0.541,1.266,25.208,-150.085,71.960
-0.306,-0.530,1.366,32.227,-148.193,77.637
-0.305,-0.575,1.505,39.734,-144.104,82.520
-0.325,-0.476,1.572,45.898,-136.475,90.271
-0.356,-0.288,1.572,52.185,-126.770,98.083
-0.372,-0.310,1.553,43.823,-118.469,97.839
-0.388,-0.273,1.624,41.382,-117.310,96.985
-0.398,-0.340,1.620,43.457,-114.136,96.558
-0.404,-0.449,1.628,42.114,-109.619,97.534
-0.433,-0.502,1.790,43.518,-109.314,103.577
-0.448,-0.372,1.880,45.837,-104.004,113.281
-0.448,-0.411,1.894,48.523,-94.238,117.676
-0.425,-0.434,1.983,47.974,-87.585,120.789
-0.417,-0.355,2.112,47.668,-79.956,124.573
-0.408,-0.302,2.075,46.814,-66.650,125.427
-0.390,-0.375,2.015,42.786,-52.429,123.962
-0.419,-0.318,2.030,43.518,-42.969,126.465
-0.446,-0.175,1.893,49.072,-31.799,130.859
-0.448,-0.097,1.825,51.514,-24.048,131.836
-0.428,0.023,1.771,49.561,-20.203,131.531
-0.394,0.070,1.682,44.250,-14.893,128.296
-0.359,0.041,1.601,48.218,-11.597,123.291
-0.335,0.069,1.544,57.373,-11.047,120.056
-0.324,0.158,1.554,68.726,-10.742,118.347
-0.321,0.283,1.588,74.219,-8.911,115.601
-0.333,0.445,1.546,66.711,-4.089,111.145
-0.341,0.556,1.418,53.345,1.404,103.577
-0.336,0.607,1.342,39.063,3.662,94.360
-0.329,0.644,1.357,30.701,3.113,84.534
-0.314,0.687,1.334,28.015,5.005,74.768
-0.312,0.705,1.276,27.527,7.324,63.293
-0.299,0.718,1.248,26.123,9.583,50.598
-0.302,0.684,1.235,19.653,11.353,38.330

-0.645,-0.587,1.515,-15.686,-151.672,115.784
-0.649,-0.341,1.639,-0.916,-145.569,128.235
-0.659,-0.125,1.582,0.610,-134.338,131.897
-0.688,-0.031,1.431,-7.324,-123.108,127.686
-0.717,-0.155,1.461,-22.400,-117.615,119.568
-0.713,-0.349,1.418,-32.471,-113.037,116.821
-0.696,-0.608,1.387,-40.100,-107.117,119.507
-0.724,-0.717,1.423,-38.696,-103.882,131.287
-0.769,-0.584,1.494,-27.405,-99.304,150.696
-0.855,-0.330,1.462,-12.939,-92.773,166.565
-0.877,-0.136,1.356,-12.878,-86.060,172.791
-0.884,-0.133,1.279,-22.583,-85.388,170.715
-0.885,-0.207,1.431,-38.269,-91.614,170.288
-0.835,-0.239,1.645,-53.589,-93.506,173.706
-0.764,-0.227,1.694,-55.542,-84.534,180.420
-0.717,-0.167,1.695,-40.588,-73.547,190.002
-0.701,0.006,1.691,-30.273,-63.049,199.890
-0.715,0.245,1.743,-15.991,-57.129,206.360
-0.722,0.485,1.845,-6.042,-51.208,204.285
-0.705,0.512,1.890,-2.869,-42.053,191.467
-0.688,0.396,1.988,-9.827,-30.457,176.758
-0.701,0.302,2.115,-15.747,-17.456,167.175
-0.729,0.195,2.089,-9.583,0.427,162.903
-0.773,0.176,1.898,4.822,19.958,163.208
-0.812,0.359,1.783,22.766,30.457,168.030
-0.829,0.672,1.640,35.950,36.072,169.250
-0.806,0.839,1.481,37.537,40.405,158.875
-0.758,0.846,1.426,27.832,40.344,142.334
-0.709,0.844,1.497,10.376,39.001,126.709
-0.673,0.772,1.602,-3.906,41.260,110.657
-0.675,0.658,1.504,-3.662,51.575,97.778
-0.680,0.608,1.304,3.418,62.439,90.271
-0.688,0.575,1.259,7.935,66.589,85.327
-0.715,0.642,1.129,16.174,69.824,81.726
-0.722,0.668,0.973,24.658,73.425,75.562
-0.716,0.674,0.882,32.593,71.533,67.932
-0.698,0.708,0.908,31.860,67.566,59.509
-0.660,0.708,0.971,26.001,65.247,47.607
-0.660,0.590,0.983,19.897,66.345,31.921
-0.612,0.394,0.940,16.357,70.313,17.334
-0.586,0.224,0.780,12.451,73.669,6.897
-0.562,0.055,0.660,12.085,74.219,3.052
-0.526,-0.067,0.689,17.090,67.017,3.296
-0.494,-0.080,0.722,24.170,61.829,7.141
-0.471,-0.068,0.763,30.701,58.289,9.583
-0.456,-0.054,0.767,37.964,56.274,10.132
-0.431,-0.028,0.764,39.429,55.420,9.277
-0.344,0.037,0.790,33.203,53.650,6.531
-0.414,0.001,0.876,22.400,54.260,1.099
-0.370,0.051,0.688,16.663,58.899,-3.235
-0.333,-0.170,0.709,24.170,53.284,-6.531
-0.301,-0.244,0.578,19.226,55.664,-8.850
-0.307,-0.178,0.603,22.583,48.157,-2.075
-0.273,-0.208,0.561,29.297,41.504,-0.549
-0.276,-0.161,0.571,35.156,34.485,2.136
-0.268,0.012,0.657,38.696,26.978,4.883
-0.239,0.018,0.857,36.804,20.081,1.831
-0.218,0.062,0.983,24.414,20.630,-4.211
-0.216,0.006,0.972,12.634,25.940,-11.475
-0.219,-0.115,0.849,4.700,31.677,-17.944
-0.220,-0.192,0.790,4.395,31.372,-20.203
-0.211,-0.210,0.772,10.864,28.381,-19.226
-0.199,-0.180,0.792,22.034,23.071,-17.517
-0.176,-0.139,0.826,30.762,18.127,-16.785
-0.146,-0.160,0.877,28.564,13.794,-18.188
-0.124,-0.171,0.908,20.630,11.658,-19.165
-0.105,-0.207,0.925,13.733,10.681,-19.592
-0.085,-0.243,0.917,10.132,9.827,-18.921
-0.075,-0.269,0.916,10.681,9.216,-17.456
-0.073,-0.279,0.907,15.381,7.812,-15.564
-0.071,-0.297,0.905,18.677,6.287,-13.428
-0.079,-0.214,0.951,19.958,4.150,-11.230
-0.082,-0.160,1.018,21.240,3.662,-11.963
-0.086,-0.178,1.000,16.785,6.470,-15.808
-0.093,-0.247,0.982,7.874,8.667,-19.836
-0.093,-0.339,0.942,0.916,10.315,-22.400
-0.090,-0.429,0.939,-1.465,9.399,-22.217
-0.081,-0.457,0.955,1.709,7.996,-18.921
-0.078,-0.439,0.899,8.179,7.751,-13.977
-0.082,-0.397,0.862,12.085,6.775,-9.338
-0.083,-0.347,0.866,14.404,3.967,-6.348
-0.078,-0.330,0.914,14.160,1.709,-5.554
-0.086,-0.275,0.938,12.329,1.099,-5.554
-0.083,-0.345,0.938,6.897,2.625,-7.690
-0.091,-0.352,0.939,5.066,3.418,-8.057
-0.101,-0.388,0.869,5.676,5.005,-7.019
-0.099,-0.366,0.850,9.216,4.089,-5.310
-0.095,-0.365,0.836,12.390,1.709,-3.540
-0.087,-0.368,0.861,13.245,-0.122,-1.770
-0.082,-0.334,0.868,14.587,-1.404,-0.305
-0.076,-0.275,0.866,15.503,-2.014,0.488
-0.070,-0.255,0.881,14.160,-2.869,-0.305
-0.068,-0.259,0.905,10.132,-3.357,-1.526
-0.073,-0.292,0.900,6.775,-3.113,-2.808
-0.085,-0.339,0.903,6.226,-2.747,-3.357
-0.095,-0.344,0.910,7.935,-3.479,-2.136
-0.111,-0.333,0.913,9.338,-3.845,-0.793
-0.129,-0.334,0.917,9.766,-4.333,0.000
-0.140,-0.324,0.917,11.780,-5.554,0.610
-0.144,-0.339,1.001,12.390,-6.653,0.671
-0.150,-0.318,1.029,9.705,-5.859,1.343
-0.150,-0.330,1.026,6.836,-3.174,0.916
-0.155,-0.344,0.991,6.104,-1.160,1.221
-0.152,-0.352,1.009,7.019,-0.488,1.770
-0.140,-0.340,0.994,9.216,-0.061,2.563
-0.137,-0.317,0.974,8.240,0.732,3.479
-0.135,-0.291,0.927,6.592,0.732,3.723
-0.127,-0.293,0.936,5.188,-0.427,3.479
-0.122,-0.258,0.983,6.470,-1.953,3.845
-0.118,-0.195,1.009,8.362,-1.343,3.113
-0.115,-0.210,0.974,7.507,0.854,0.427
-0.117,-0.273,0.949,2.625,2.319,-2.258
-0.120,-0.320,0.913,-0.244,2.747,-3.174
-0.118,-0.364,0.923,-0.183,1.648,-2.808
-0.120,-0.347,0.900,1.953,1.160,-0.793
-0.128,-0.339,0.915,4.211,0.061,0.732
-0.129,-0.352,0.918,5.859,-0.671,1.282
-0.133,-0.331,0.909,8.362,-1.038,2.075
-0.133,-0.301,0.934,9.888,-1.709,2.502

-0.361,-0.605,1.675,-10.498,-55.969,96.191
-0.398,-0.525,1.747,-20.142,-46.509,98.022
-0.428,-0.511,1.803,-27.649,-36.316,98.511
-0.452,-0.530,1.835,-37.292,-25.391,97.961
-0.482,-0.500,1.908,-46.692,-15.808,99.854
-0.510,-0.463,1.965,-53.040,-5.798,102.112
-0.535,-0.437,1.961,-55.298,5.005,104.370
-0.567,-0.339,1.907,-52.917,15.930,107.361
-0.597,-0.258,1.828,-51.086,25.085,109.131
-0.618,-0.150,1.778,-51.514,31.799,108.948
-0.638,-0.053,1.788,-54.749,36.133,106.750
-0.646,0.043,1.778,-61.340,42.419,101.501
-0.644,0.143,1.766,-70.251,49.011,94.666
-0.624,0.175,1.708,-81.055,57.190,85.632
-0.599,0.251,1.677,-94.727,65.186,76.782
-0.573,0.243,1.680,-108.154,72.144,67.261
-0.553,0.250,1.672,-119.507,80.872,57.983
-0.533,0.288,1.619,-123.840,91.125,48.889
-0.522,0.324,1.505,-127.686,101.624,39.368
-0.499,0.354,1.364,-128.906,109.741,28.015
-0.469,0.380,1.248,-129.395,113.953,18.005
-0.431,0.416,1.205,-131.714,115.417,8.667
-0.377,0.456,1.180,-132.202,116.638,-0.183
-0.331,0.521,1.146,-128.662,119.629,-8.423
-0.291,0.668,1.086,-122.986,122.986,-16.907
-0.266,0.741,1.052,-119.385,125.793,-28.687
-0.257,0.791,0.961,-117.859,129.761,-41.748
-0.254,0.880,0.839,-111.389,133.484,-53.589
-0.271,1.046,0.641,-99.792,135.010,-65.063
-0.291,1.132,0.443,-94.849,132.812,-80.444
-0.305,1.138,0.390,-94.421,123.352,-98.938
-0.313,1.046,0.398,-96.924,112.488,-117.798
-0.322,0.837,0.437,-96.375,105.469,-133.911
-0.334,0.730,0.467,-87.891,99.121,-142.822
-0.335,0.529,0.539,-77.515,96.985,-148.621
-0.344,0.470,0.529,-70.374,97.351,-148.926
-0.363,0.485,0.521,-65.002,99.792,-146.545
-0.411,0.599,0.448,-62.256,102.722,-144.287
-0.433,0.608,0.278,-65.308,104.858,-146.851
-0.439,0.580,0.195,-69.641,101.685,-152.771
-0.450,0.606,0.016,-69.763,95.276,-156.189
-0.432,0.560,-0.037,-72.632,84.412,-162.231
-0.402,0.476,-0.053,-72.510,70.496,-167.725
-0.358,0.431,-0.037,-69.519,56.030,-170.044
-0.317,0.289,0.073,-58.777,41.321,-172.058
-0.265,0.160,0.187,-43.274,30.518,-171.265
-0.222,0.136,0.238,-32.959,26.672,-165.649
-0.204,0.170,0.160,-19.165,25.818,-159.790
-0.181,0.199,0.035,-14.038,23.376,-156.677
-0.159,0.173,0.045,-14.404,15.625,-155.518
-0.128,0.099,0.040,-16.357,6.714,-155.701
-0.096,0.029,-0.006,-19.470,0.793,-155.029
-0.064,-0.021,-0.000,-21.057,-8.179,-153.320
-0.021,-0.108,0.055,-22.888,-18.188,-151.062
0.032,-0.189,0.161,-20.813,-28.076,-147.095
0.063,-0.249,0.308,-21.729,-35.706,-141.541
0.088,-0.200,0.368,-16.846,-40.100,-133.667
0.092,-0.178,0.347,-17.456,-40.588,-128.174
0.091,-0.146,0.457,-20.874,-44.983,-125.366
0.076,-0.127,0.455,-18.860,-46.631,-123.657
0.064,-0.166,0.429,-21.240,-47.852,-124.573
0.067,-0.222,0.455,-24.780,-52.856,-124.573
0.088,-0.328,0.529,-31.128,-58.533,-124.146
0.101,-0.454,0.602,-36.011,-62.744,-121.277
0.106,-0.547,0.621,-38.757,-63.293,-114.624
0.096,-0.522,0.548,-35.156,-62.378,-104.736
0.092,-0.488,0.525,-30.334,-65.552,-96.863
0.078,-0.533,0.479,-27.344,-68.848,-91.553
0.067,-0.575,0.511,-29.846,-75.378,-86.304
0.081,-0.636,0.603,-31.738,-83.679,-79.712
0.087,-0.748,0.642,-33.386,-87.097,-72.876
0.091,-0.767,0.699,-34.241,-90.332,-63.171
0.071,-0.758,0.711,-34.424,-92.468,-52.124
0.058,-0.647,0.783,-31.494,-95.337,-40.955
0.040,-0.561,0.793,-28.625,-96.130,-31.311
0.031,-0.503,0.844,-27.527,-96.985,-25.696
0.019,-0.502,0.840,-27.954,-95.886,-20.569
0.019,-0.534,0.952,-25.940,-98.267,-15.137
0.026,-0.583,0.927,-24.719,-95.642,-8.423
0.009,-0.582,0.900,-24.719,-93.140,-0.977
-0.015,-0.545,0.860,-25.146,-92.712,6.653
-0.040,-0.574,0.862,-26.184,-94.177,12.939
-0.083,-0.576,0.901,-24.231,-96.558,20.020
-0.121,-0.518,1.009,-20.142,-99.487,28.564
-0.153,-0.477,1.123,-14.343,-100.708,35.217
-0.167,-0.447,1.178,-8.850,-97.717,41.260
-0.189,-0.389,1.180,-4.028,-93.811,46.387
-0.195,-0.351,1.120,-0.977,-89.600,50.598
-0.197,-0.408,1.062,-1.648,-87.769,53.528
-0.218,-0.509,1.058,-2.380,-87.830,58.411
-0.230,-0.490,1.175,0.488,-91.553,68.115
-0.241,-0.395,1.258,6.287,-91.492,79.041
-0.259,-0.245,1.314,11.536,-87.463,86.426
-0.343,-0.076,1.098,-2.686,-76.599,89.417
-0.320,-0.084,1.306,-28.870,-81.055,85.388
-0.350,-0.155,1.419,-49.438,-81.665,83.557
-0.373,-0.320,1.487,-57.251,-77.454,85.449
-0.379,-0.426,1.584,-55.786,-72.937,93.262
-0.395,-0.465,1.658,-45.776,-66.711,104.492
-0.446,-0.327,1.706,-31.738,-58.228,118.958
-0.473,-0.198,1.755,-17.761,-50.476,129.272
-0.494,0.124,1.896,6.409,-36.194,136.780
-0.441,0.107,1.994,15.686,-29.358,133.423
-0.375,0.097,1.908,20.569,-17.334,132.080
-0.322,0.080,1.853,28.687,-6.592,134.033
-0.294,0.162,1.658,39.551,2.319,138.550
-0.305,0.204,1.460,48.523,8.179,140.991
-0.322,0.246,1.390,59.021,6.775,142.395
-0.301,0.236,1.361,65.369,2.747,142.273
-0.289,0.203,1.361,62.134,2.075,141.541
-0.256,0.224,1.272,56.946,2.258,142.029
-0.228,0.234,1.323,54.688,-1.099,141.846
-0.227,0.298,1.280,58.899,-2.197,142.334
-0.225,0.344,1.204,63.721,-2.686,141.907
-0.219,0.352,1.200,61.157,-4.150,139.832
-0.193,0.334,1.231,51.331,-6.287,137.634
-0.177,0.353,1.320,42.664,-5.310,135.986
-0.184,0.431,1.359,43.884,-1.953,135.193
-0.193,0.463,1.322,40.283,4.639,130.859

-0.314,-1.028,1.656,-30.457,-48.157,56.091
-0.345,-1.027,1.842,-25.452,-41.565,69.763
-0.388,-0.900,1.913,-20.386,-31.128,84.106
-0.423,-0.685,1.986,-15.686,-19.653,95.703
-0.448,-0.501,2.075,-14.465,-8.789,101.440
-0.488,-0.423,2.059,-22.644,3.418,100.220
-0.455,-0.495,2.143,-27.832,13.306,95.398
-0.465,-0.473,2.084,-38.208,25.818,93.811
-0.465,-0.423,2.015,-41.443,38.879,96.436
-0.469,-0.429,1.854,-39.612,49.194,97.717
-0.459,-0.309,1.780,-37.537,55.237,101.440
-0.454,-0.250,1.709,-32.837,59.814,102.966
-0.458,-0.288,1.598,-25.085,64.636,101.868
-0.441,-0.165,1.461,-18.127,67.749,102.722
-0.415,-0.033,1.454,-14.221,67.444,102.295
-0.397,-0.012,1.530,-23.132,67.749,95.520
-0.374,0.007,1.490,-40.405,75.195,88.013
-0.352,-0.020,1.422,-54.749,84.900,80.383
-0.312,0.007,1.271,-62.134,94.849,74.280
-0.281,0.031,1.091,-69.824,101.929,69.092
-0.233,0.014,0.976,-68.115,102.539,63.843
-0.191,0.096,0.858,-73.303,101.074,61.707
-0.158,0.115,0.729,-84.778,100.342,57.190
-0.135,0.139,0.767,-92.224,93.079,52.795
-0.116,0.208,0.829,-97.961,87.036,47.852
-0.094,0.244,0.896,-100.342,84.045,41.138
-0.087,0.297,0.911,-98.999,83.679,33.630
-0.095,0.431,0.972,-95.337,84.045,26.062
-0.102,0.498,0.980,-90.637,86.182,15.686
-0.111,0.488,0.973,-94.116,89.966,3.174
-0.115,0.457,0.950,-98.938,93.689,-7.141
-0.121,0.391,0.936,-104.614,97.107,-17.639
-0.151,0.330,0.887,-111.328,101.746,-26.062
-0.191,0.399,0.836,-114.319,105.408,-31.067
-0.220,0.455,0.826,-105.835,104.919,-36.804
-0.239,0.515,0.768,-97.107,103.577,-44.434
-0.241,0.542,0.672,-83.191,100.220,-53.101
-0.237,0.490,0.625,-74.158,94.177,-63.049
-0.232,0.442,0.598,-73.425,87.708,-70.984
-0.222,0.452,0.644,-72.937,81.970,-75.439
-0.218,0.510,0.688,-71.106,78.430,-79.712
-0.207,0.537,0.772,-73.242,77.271,-86.060
-0.195,0.503,0.742,-80.933,79.956,-93.323
-0.176,0.443,0.700,-92.346,82.458,-100.403
-0.177,0.483,0.599,-96.741,82.825,-102.905
-0.162,0.479,0.486,-92.407,79.041,-106.201
-0.148,0.509,0.413,-81.787,71.289,-109.802
-0.133,0.634,0.358,-69.092,61.890,-111.328
-0.100,0.585,0.425,-52.734,49.988,-118.042
-0.067,0.509,0.551,-42.542,41.321,-124.512
-0.052,0.530,0.610,-34.607,39.490,-126.282
-0.032,0.488,0.527,-31.006,42.236,-129.272
-0.015,0.494,0.542,-35.522,41.443,-132.263
0.004,0.470,0.539,-38.635,40.283,-135.437
0.015,0.389,0.486,-45.532,41.687,-138.550
0.023,0.385,0.402,-44.128,40.344,-139.771
0.031,0.349,0.338,-39.368,36.316,-141.052
0.041,0.315,0.275,-32.043,30.884,-141.418
0.058,0.280,0.256,-27.527,23.621,-142.456
0.082,0.225,0.318,-24.597,17.212,-143.127
0.106,0.166,0.330,-25.146,13.733,-142.700
0.115,0.193,0.314,-24.414,13.000,-141.174
0.132,0.195,0.168,-22.644,13.062,-140.930
0.154,0.141,0.148,-24.963,8.423,-143.433
0.177,0.101,0.136,-27.710,2.563,-144.897
0.199,0.002,0.109,-35.645,-2.441,-146.851
0.213,-0.077,-0.007,-37.354,-7.629,-146.667
0.222,-0.188,-0.010,-42.236,-18.860,-144.958
0.228,-0.270,-0.005,-39.246,-30.762,-140.991
0.232,-0.348,0.066,-34.668,-42.603,-135.437
0.226,-0.345,0.102,-33.081,-50.232,-127.869
0.212,-0.310,0.115,-30.579,-56.335,-121.094
0.194,-0.330,0.149,-34.302,-62.317,-117.188
0.171,-0.395,0.187,-42.664,-68.420,-114.441
0.150,-0.494,0.203,-50.659,-73.914,-110.657
0.131,-0.604,0.235,-52.612,-80.444,-104.980
0.085,-0.636,0.262,-49.500,-87.402,-95.642
0.050,-0.667,0.328,-45.105,-94.910,-86.731
0.010,-0.615,0.453,-44.678,-100.952,-76.843
-0.018,-0.564,0.509,-44.922,-103.210,-70.129
-0.025,-0.662,0.452,-46.875,-102.905,-66.833
-0.019,-0.764,0.572,-51.697,-107.849,-61.890
-0.012,-0.807,0.703,-54.077,-111.877,-52.795
-0.016,-0.796,0.672,-54.443,-109.253,-42.725
-0.046,-0.734,0.670,-51.697,-109.558,-31.677
-0.079,-0.648,0.762,-46.387,-113.159,-21.545
-0.109,-0.589,0.786,-43.640,-113.647,-13.245
-0.131,-0.520,0.799,-41.199,-113.159,-6.775
-0.146,-0.481,0.825,-38.513,-113.220,-2.625
-0.149,-0.513,0.787,-39.551,-112.854,-0.122
-0.157,-0.609,0.787,-43.213,-113.403,2.747
-0.178,-0.654,0.829,-44.495,-116.028,9.644
-0.208,-0.687,0.824,-43.579,-116.089,18.860
-0.265,-0.613,0.828,-38.269,-116.516,29.663
-0.338,-0.536,0.813,-33.630,-117.065,39.978
-0.366,-0.582,0.856,-33.142,-119.507,46.265
-0.396,-0.643,0.945,-30.579,-123.169,53.589
-0.424,-0.646,1.012,-25.146,-124.634,63.965
-0.455,-0.578,1.052,-17.639,-124.023,74.768
-0.500,-0.553,1.094,-10.986,-123.718,84.229
-0.577,-0.559,1.130,-7.812,-122.925,92.346
-0.621,-0.469,1.301,-0.122,-124.878,101.868
-0.632,-0.440,1.363,8.911,-123.901,108.459
-0.635,-0.383,1.404,9.827,-118.408,114.319
-0.700,-0.408,1.301,-14.221,-109.131,120.483
-0.684,-0.377,1.621,-30.457,-112.427,126.892
-0.694,-0.365,1.658,-31.067,-105.347,134.399
-0.694,-0.405,1.585,-27.039,-93.506,140.198
-0.680,-0.326,1.618,-19.348,-90.088,149.902
-0.678,-0.266,1.646,-5.920,-86.670,158.203
-0.669,-0.139,1.624,4.944,-79.956,165.100
-0.684,0.037,1.671,18.982,-75.562,170.898
-0.675,0.113,1.804,32.532,-72.876,172.607
-0.621,0.218,1.868,36.865,-63.965,171.326
-0.557,0.260,1.888,41.626,-51.025,168.335
-0.507,0.345,1.777,45.410,-37.598,164.856
-0.472,0.429,1.710,60.425,-28.687,161.316
-0.457,0.481,1.551,64.758,-22.156,156.189
-0.464,0.505,1.565,60.486,-19.836,151.123

-0.450,0.568,1.603,58.716,-15.015,138.489
-0.443,0.510,1.590,60.608,-12.085,130.310
-0.435,0.370,1.581,60.547,-8.179,124.390
-0.421,0.251,1.551,59.265,-5.615,121.338
-0.427,0.263,1.717,60.791,-4.272,122.192
-0.446,0.335,1.714,65.002,3.479,122.864
-0.452,0.386,1.703,64.392,12.207,118.591
-0.466,0.487,1.597,63.171,22.583,112.000
-0.464,0.519,1.472,54.199,28.748,102.051
-0.441,0.459,1.391,47.119,30.945,88.989
-0.406,0.352,1.395,44.067,30.457,77.393
-0.382,0.276,1.355,51.758,31.372,70.313
-0.375,0.299,1.277,65.735,32.593,68.848
-0.375,0.277,1.145,77.820,32.715,65.369
-0.365,0.308,1.079,81.421,30.579,62.256
-0.354,0.283,1.137,84.473,26.306,57.556
-0.325,0.215,1.136,87.830,26.794,51.880
-0.317,0.230,1.085,85.632,30.640,47.241
-0.300,0.144,1.042,75.317,33.081,40.283
-0.288,0.113,0.980,75.989,32.715,34.546
-0.297,0.136,0.812,51.270,37.720,29.602
-0.318,0.214,0.683,18.860,38.818,25.024
-0.317,0.124,0.651,-0.549,33.020,16.052
-0.313,-0.001,0.680,-4.517,25.269,8.667
-0.301,-0.009,0.750,-2.258,18.555,6.042
-0.285,-0.077,0.815,-1.587,13.916,2.686
-0.267,-0.077,0.825,-3.662,12.939,0.549
-0.261,-0.065,0.793,-6.409,12.573,-0.854
-0.272,-0.052,0.794,-9.033,11.353,-2.869
-0.282,-0.034,0.781,-8.057,9.644,-6.104
-0.287,-0.064,0.794,-5.737,6.470,-10.864
-0.296,-0.114,0.792,-3.845,4.028,-15.198
-0.294,-0.218,0.784,-1.953,1.404,-18.921
-0.284,-0.329,0.819,-0.977,-1.831,-20.386
-0.273,-0.414,0.885,2.075,-4.333,-18.188
-0.273,-0.454,0.884,8.057,-4.089,-13.489
-0.278,-0.441,0.917,13.733,-3.967,-7.690
-0.278,-0.371,0.898,18.799,-2.869,-3.540
-0.274,-0.292,0.925,19.104,-2.686,-1.892
-0.255,-0.250,0.947,12.878,-1.831,-3.296
-0.235,-0.272,0.978,4.517,-0.793,-6.470
-0.212,-0.362,0.959,-1.587,1.221,-9.277
-0.200,-0.385,0.935,-0.854,2.197,-9.094
-0.196,-0.369,0.910,2.258,2.380,-6.958
-0.188,-0.359,0.906,5.493,1.587,-5.249
-0.182,-0.369,0.937,7.812,0.732,-4.028
-0.189,-0.358,0.954,10.559,0.427,-2.441
-0.197,-0.326,0.942,13.367,1.282,-1.221
-0.192,-0.318,0.993,13.489,1.221,-1.587
-0.189,-0.314,1.007,11.169,2.319,-2.014
-0.189,-0.372,0.955,7.141,5.737,-3.052
-0.183,-0.397,0.924,6.165,6.226,-2.502
-0.181,-0.376,0.912,8.362,5.554,-0.671
-0.180,-0.341,0.910,11.047,4.944,0.732
-0.176,-0.352,0.916,11.475,3.723,0.977
-0.175,-0.346,0.939,10.376,3.052,1.404
-0.176,-0.346,0.962,9.399,2.930,1.648
-0.180,-0.329,0.959,8.118,3.601,2.014
-0.180,-0.341,0.933,6.775,4.578,1.709
-0.178,-0.358,0.927,5.249,4.822,1.587
-0.180,-0.356,0.900,4.883,4.639,2.319
-0.182,-0.347,0.853,7.385,4.272,2.808
-0.177,-0.369,0.838,9.583,2.258,3.052
-0.167,-0.346,0.901,9.705,-0.671,3.784
-0.167,-0.327,0.977,7.996,-1.526,4.333
-0.171,-0.276,0.978,5.859,0.061,4.456
-0.178,-0.294,0.950,1.770,2.563,2.441
-0.181,-0.327,0.884,0.366,4.395,1.038
-0.183,-0.368,0.879,1.038,3.845,0.854
-0.192,-0.328,0.876,3.845,2.258,2.380
-0.193,-0.320,0.884,5.859,1.282,2.441
-0.193,-0.352,0.909,7.996,0.061,1.953
-0.197,-0.356,0.938,8.240,-0.549,2.319
-0.200,-0.342,0.921,7.935,-0.183,3.235
-0.200,-0.336,0.896,7.507,0.244,3.479
-0.196,-0.324,0.924,7.019,-0.793,3.601
-0.188,-0.331,0.935,6.042,-0.916,3.418
-0.187,-0.332,0.943,3.906,-0.366,3.296
-0.196,-0.303,0.929,3.296,0.366,3.540
-0.193,-0.300,0.912,5.005,1.221,2.563
-0.190,-0.310,0.962,5.676,0.427,1.526
-0.189,-0.323,0.937,5.005,1.709,0.916
-0.191,-0.350,0.930,3.052,2.136,0.671
-0.191,-0.353,0.901,2.197,2.502,1.038
-0.193,-0.356,0.894,3.357,1.953,1.709
-0.194,-0.338,0.922,4.700,0.366,2.625
-0.199,-0.350,0.920,3.662,0.122,2.197
-0.195,-0.361,0.923,2.258,0.122,2.075
-0.192,-0.365,0.927,1.099,-0.183,2.136
-0.194,-0.353,0.941,0.183,-0.061,2.869
-0.191,-0.307,0.977,-0.061,0.122,3.174
-0.194,-0.311,0.921,0.977,2.319,2.014
-0.192,-0.358,0.915,0.977,2.441,0.854
-0.188,-0.359,0.895,2.747,1.770,0.916
-0.184,-0.368,0.893,4.150,0.977,1.648
-0.177,-0.343,0.900,5.066,0.061,2.319
-0.176,-0.325,0.945,4.028,-0.671,2.625
-0.179,-0.296,0.941,2.747,-0.183,2.441
-0.187,-0.316,0.914,0.732,1.160,1.038
-0.187,-0.357,0.922,-0.366,0.977,0.061
-0.187,-0.386,0.913,-0.793,1.221,0.061
-0.191,-0.378,0.910,0.366,1.160,1.221
-0.187,-0.364,0.891,2.563,0.793,2.136
-0.181,-0.352,0.907,4.150,0.000,2.563
-0.179,-0.339,0.920,4.089,-0.366,2.808
-0.177,-0.333,0.939,3.296,-0.183,2.930
-0.179,-0.312,0.939,1.892,0.671,2.563
-0.180,-0.318,0.907,1.404,1.709,1.465
-0.180,-0.340,0.909,1.038,1.648,0.671
-0.181,-0.351,0.922,0.549,1.160,0.549
-0.180,-0.373,0.927,0.000,1.343,0.793
-0.179,-0.357,0.890,2.136,1.404,1.587
-0.176,-0.351,0.891,3.601,0.549,2.197
-0.172,-0.324,0.912,3.845,-0.610,2.502
-0.170,-0.320,0.923,3.235,-0.977,1.953
-0.166,-0.338,0.915,1.221,-0.793,1.343
-0.166,-0.340,0.916,-0.671,-0.427,1.160
-0.168,-0.331,0.927,-2.136,-0.305,1.587
-0.171,-0.324,0.932,-2.808,0.183,1.526

